[2026-05-02 17:28:53] local.ERROR: The C:\Users\lKomputer\Documents\KELAS_X_RPL\KELAS-X-RPL\KELAS\SEMESTER-2-2026\27-APRIL-2026-(PROFILE)\portfolio\bootstrap\cache directory must be present and writable. {"exception":"[object] (Exception(code: 0): The C:\\Users\\lKomputer\\Documents\\KELAS_X_RPL\\KELAS-X-RPL\\KELAS\\SEMESTER-2-2026\\27-APRIL-2026-(PROFILE)\\portfolio\\bootstrap\\cache directory must be present and writable. at C:/Users/lKomputer/Documents/KELAS_X_RPL/KELAS-X-RPL/KELAS/SEMESTER-2-2026/27-APRIL-2026-(PROFILE)/portfolio/vendor/laravel/framework/src/Illuminate/Foundation/PackageManifest.php:179)
[stacktrace]
#0 C:/Users/lKomputer/Documents/KELAS_X_RPL/KELAS-X-RPL/KELAS/SEMESTER-2-2026/27-APRIL-2026-(PROFILE)/portfolio/vendor/laravel/framework/src/Illuminate/Foundation/PackageManifest.php(132): Illuminate/Foundation/PackageManifest->write(Array)
#1 C:/Users/lKomputer/Documents/KELAS_X_RPL/KELAS-X-RPL/KELAS/SEMESTER-2-2026/27-APRIL-2026-(PROFILE)/portfolio/vendor/laravel/framework/src/Illuminate/Foundation/PackageManifest.php(108): Illuminate/Foundation/PackageManifest->build()
#2 C:/Users/lKomputer/Documents/KELAS_X_RPL/KELAS-X-RPL/KELAS/SEMESTER-2-2026/27-APRIL-2026-(PROFILE)/portfolio/vendor/laravel/framework/src/Illuminate/Foundation/PackageManifest.php(91): Illuminate/Foundation/PackageManifest->getManifest()
#3 C:/Users/lKomputer/Documents/KELAS_X_RPL/KELAS-X-RPL/KELAS/SEMESTER-2-2026/27-APRIL-2026-(PROFILE)/portfolio/vendor/laravel/framework/src/Illuminate/Foundation/PackageManifest.php(80): Illuminate/Foundation/PackageManifest->config('aliases')
#4 C:/Users/lKomputer/Documents/KELAS_X_RPL/KELAS-X-RPL/KELAS/SEMESTER-2-2026/27-APRIL-2026-(PROFILE)/portfolio/vendor/laravel/framework/src/Illuminate/Foundation/Bootstrap/RegisterFacades.php(26): Illuminate/Foundation/PackageManifest->aliases()
#5 C:/Users/lKomputer/Documents/KELAS_X_RPL/KELAS-X-RPL/KELAS/SEMESTER-2-2026/27-APRIL-2026-(PROFILE)/portfolio/vendor/laravel/framework/src/Illuminate/Foundation/Application.php(342): Illuminate/Foundation/Bootstrap/RegisterFacades->bootstrap(Object(Illuminate/Foundation/Application))
#6 C:/Users/lKomputer/Documents/KELAS_X_RPL/KELAS-X-RPL/KELAS/SEMESTER-2-2026/27-APRIL-2026-(PROFILE)/portfolio/vendor/laravel/framework/src/Illuminate/Foundation/Console/Kernel.php(474): Illuminate/Foundation/Application->bootstrapWith(Array)
#7 C:/Users/lKomputer/Documents/KELAS_X_RPL/KELAS-X-RPL/KELAS/SEMESTER-2-2026/27-APRIL-2026-(PROFILE)/portfolio/vendor/laravel/framework/src/Illuminate/Foundation/Console/Kernel.php(196): Illuminate/Foundation/Console/Kernel->bootstrap()
#8 C:/Users/lKomputer/Documents/KELAS_X_RPL/KELAS-X-RPL/KELAS/SEMESTER-2-2026/27-APRIL-2026-(PROFILE)/portfolio/vendor/laravel/framework/src/Illuminate/Foundation/Application.php(1235): Illuminate/Foundation/Console/Kernel->handle(Object(Symfony/Component/Console/Input/ArgvInput), Object(Symfony/Component/Console/Output/ConsoleOutput))
#9 C:/Users/lKomputer/Documents/KELAS_X_RPL/KELAS-X-RPL/KELAS/SEMESTER-2-2026/27-APRIL-2026-(PROFILE)/portfolio/artisan(13): Illuminate/Foundation/Application->handleCommand(Object(Symfony/Component/Console/Input/ArgvInput))
#10 {main}
"} 
[2026-05-02 17:28:58] local.ERROR: The C:\Users\lKomputer\Documents\KELAS_X_RPL\KELAS-X-RPL\KELAS\SEMESTER-2-2026\27-APRIL-2026-(PROFILE)\portfolio\bootstrap\cache directory must be present and writable. {"exception":"[object] (Exception(code: 0): The C:\\Users\\lKomputer\\Documents\\KELAS_X_RPL\\KELAS-X-RPL\\KELAS\\SEMESTER-2-2026\\27-APRIL-2026-(PROFILE)\\portfolio\\bootstrap\\cache directory must be present and writable. at C:/Users/lKomputer/Documents/KELAS_X_RPL/KELAS-X-RPL/KELAS/SEMESTER-2-2026/27-APRIL-2026-(PROFILE)/portfolio/vendor/laravel/framework/src/Illuminate/Foundation/PackageManifest.php:179)
[stacktrace]
#0 C:/Users/lKomputer/Documents/KELAS_X_RPL/KELAS-X-RPL/KELAS/SEMESTER-2-2026/27-APRIL-2026-(PROFILE)/portfolio/vendor/laravel/framework/src/Illuminate/Foundation/PackageManifest.php(132): Illuminate/Foundation/PackageManifest->write(Array)
#1 C:/Users/lKomputer/Documents/KELAS_X_RPL/KELAS-X-RPL/KELAS/SEMESTER-2-2026/27-APRIL-2026-(PROFILE)/portfolio/vendor/laravel/framework/src/Illuminate/Foundation/PackageManifest.php(108): Illuminate/Foundation/PackageManifest->build()
#2 C:/Users/lKomputer/Documents/KELAS_X_RPL/KELAS-X-RPL/KELAS/SEMESTER-2-2026/27-APRIL-2026-(PROFILE)/portfolio/vendor/laravel/framework/src/Illuminate/Foundation/PackageManifest.php(91): Illuminate/Foundation/PackageManifest->getManifest()
#3 C:/Users/lKomputer/Documents/KELAS_X_RPL/KELAS-X-RPL/KELAS/SEMESTER-2-2026/27-APRIL-2026-(PROFILE)/portfolio/vendor/laravel/framework/src/Illuminate/Foundation/PackageManifest.php(80): Illuminate/Foundation/PackageManifest->config('aliases')
#4 C:/Users/lKomputer/Documents/KELAS_X_RPL/KELAS-X-RPL/KELAS/SEMESTER-2-2026/27-APRIL-2026-(PROFILE)/portfolio/vendor/laravel/framework/src/Illuminate/Foundation/Bootstrap/RegisterFacades.php(26): Illuminate/Foundation/PackageManifest->aliases()
#5 C:/Users/lKomputer/Documents/KELAS_X_RPL/KELAS-X-RPL/KELAS/SEMESTER-2-2026/27-APRIL-2026-(PROFILE)/portfolio/vendor/laravel/framework/src/Illuminate/Foundation/Application.php(342): Illuminate/Foundation/Bootstrap/RegisterFacades->bootstrap(Object(Illuminate/Foundation/Application))
#6 C:/Users/lKomputer/Documents/KELAS_X_RPL/KELAS-X-RPL/KELAS/SEMESTER-2-2026/27-APRIL-2026-(PROFILE)/portfolio/vendor/laravel/framework/src/Illuminate/Foundation/Console/Kernel.php(474): Illuminate/Foundation/Application->bootstrapWith(Array)
#7 C:/Users/lKomputer/Documents/KELAS_X_RPL/KELAS-X-RPL/KELAS/SEMESTER-2-2026/27-APRIL-2026-(PROFILE)/portfolio/vendor/laravel/framework/src/Illuminate/Foundation/Console/Kernel.php(196): Illuminate/Foundation/Console/Kernel->bootstrap()
#8 C:/Users/lKomputer/Documents/KELAS_X_RPL/KELAS-X-RPL/KELAS/SEMESTER-2-2026/27-APRIL-2026-(PROFILE)/portfolio/vendor/laravel/framework/src/Illuminate/Foundation/Application.php(1235): Illuminate/Foundation/Console/Kernel->handle(Object(Symfony/Component/Console/Input/ArgvInput), Object(Symfony/Component/Console/Output/ConsoleOutput))
#9 C:/Users/lKomputer/Documents/KELAS_X_RPL/KELAS-X-RPL/KELAS/SEMESTER-2-2026/27-APRIL-2026-(PROFILE)/portfolio/artisan(13): Illuminate/Foundation/Application->handleCommand(Object(Symfony/Component/Console/Input/ArgvInput))
#10 {main}
"} 
[2026-05-02 17:29:03] local.ERROR: The C:\Users\lKomputer\Documents\KELAS_X_RPL\KELAS-X-RPL\KELAS\SEMESTER-2-2026\27-APRIL-2026-(PROFILE)\portfolio\bootstrap\cache directory must be present and writable. {"exception":"[object] (Exception(code: 0): The C:\\Users\\lKomputer\\Documents\\KELAS_X_RPL\\KELAS-X-RPL\\KELAS\\SEMESTER-2-2026\\27-APRIL-2026-(PROFILE)\\portfolio\\bootstrap\\cache directory must be present and writable. at C:/Users/lKomputer/Documents/KELAS_X_RPL/KELAS-X-RPL/KELAS/SEMESTER-2-2026/27-APRIL-2026-(PROFILE)/portfolio/vendor/laravel/framework/src/Illuminate/Foundation/PackageManifest.php:179)
[stacktrace]
#0 C:/Users/lKomputer/Documents/KELAS_X_RPL/KELAS-X-RPL/KELAS/SEMESTER-2-2026/27-APRIL-2026-(PROFILE)/portfolio/vendor/laravel/framework/src/Illuminate/Foundation/PackageManifest.php(132): Illuminate/Foundation/PackageManifest->write(Array)
#1 C:/Users/lKomputer/Documents/KELAS_X_RPL/KELAS-X-RPL/KELAS/SEMESTER-2-2026/27-APRIL-2026-(PROFILE)/portfolio/vendor/laravel/framework/src/Illuminate/Foundation/PackageManifest.php(108): Illuminate/Foundation/PackageManifest->build()
#2 C:/Users/lKomputer/Documents/KELAS_X_RPL/KELAS-X-RPL/KELAS/SEMESTER-2-2026/27-APRIL-2026-(PROFILE)/portfolio/vendor/laravel/framework/src/Illuminate/Foundation/PackageManifest.php(91): Illuminate/Foundation/PackageManifest->getManifest()
#3 C:/Users/lKomputer/Documents/KELAS_X_RPL/KELAS-X-RPL/KELAS/SEMESTER-2-2026/27-APRIL-2026-(PROFILE)/portfolio/vendor/laravel/framework/src/Illuminate/Foundation/PackageManifest.php(80): Illuminate/Foundation/PackageManifest->config('aliases')
#4 C:/Users/lKomputer/Documents/KELAS_X_RPL/KELAS-X-RPL/KELAS/SEMESTER-2-2026/27-APRIL-2026-(PROFILE)/portfolio/vendor/laravel/framework/src/Illuminate/Foundation/Bootstrap/RegisterFacades.php(26): Illuminate/Foundation/PackageManifest->aliases()
#5 C:/Users/lKomputer/Documents/KELAS_X_RPL/KELAS-X-RPL/KELAS/SEMESTER-2-2026/27-APRIL-2026-(PROFILE)/portfolio/vendor/laravel/framework/src/Illuminate/Foundation/Application.php(342): Illuminate/Foundation/Bootstrap/RegisterFacades->bootstrap(Object(Illuminate/Foundation/Application))
#6 C:/Users/lKomputer/Documents/KELAS_X_RPL/KELAS-X-RPL/KELAS/SEMESTER-2-2026/27-APRIL-2026-(PROFILE)/portfolio/vendor/laravel/framework/src/Illuminate/Foundation/Console/Kernel.php(474): Illuminate/Foundation/Application->bootstrapWith(Array)
#7 C:/Users/lKomputer/Documents/KELAS_X_RPL/KELAS-X-RPL/KELAS/SEMESTER-2-2026/27-APRIL-2026-(PROFILE)/portfolio/vendor/laravel/framework/src/Illuminate/Foundation/Console/Kernel.php(196): Illuminate/Foundation/Console/Kernel->bootstrap()
#8 C:/Users/lKomputer/Documents/KELAS_X_RPL/KELAS-X-RPL/KELAS/SEMESTER-2-2026/27-APRIL-2026-(PROFILE)/portfolio/vendor/laravel/framework/src/Illuminate/Foundation/Application.php(1235): Illuminate/Foundation/Console/Kernel->handle(Object(Symfony/Component/Console/Input/ArgvInput), Object(Symfony/Component/Console/Output/ConsoleOutput))
#9 C:/Users/lKomputer/Documents/KELAS_X_RPL/KELAS-X-RPL/KELAS/SEMESTER-2-2026/27-APRIL-2026-(PROFILE)/portfolio/artisan(13): Illuminate/Foundation/Application->handleCommand(Object(Symfony/Component/Console/Input/ArgvInput))
#10 {main}
"} 
[2026-05-02 17:29:04] local.ERROR: The C:\Users\lKomputer\Documents\KELAS_X_RPL\KELAS-X-RPL\KELAS\SEMESTER-2-2026\27-APRIL-2026-(PROFILE)\portfolio\bootstrap\cache directory must be present and writable. {"exception":"[object] (Exception(code: 0): The C:\\Users\\lKomputer\\Documents\\KELAS_X_RPL\\KELAS-X-RPL\\KELAS\\SEMESTER-2-2026\\27-APRIL-2026-(PROFILE)\\portfolio\\bootstrap\\cache directory must be present and writable. at C:/Users/lKomputer/Documents/KELAS_X_RPL/KELAS-X-RPL/KELAS/SEMESTER-2-2026/27-APRIL-2026-(PROFILE)/portfolio/vendor/laravel/framework/src/Illuminate/Foundation/PackageManifest.php:179)
[stacktrace]
#0 C:/Users/lKomputer/Documents/KELAS_X_RPL/KELAS-X-RPL/KELAS/SEMESTER-2-2026/27-APRIL-2026-(PROFILE)/portfolio/vendor/laravel/framework/src/Illuminate/Foundation/PackageManifest.php(132): Illuminate/Foundation/PackageManifest->write(Array)
#1 C:/Users/lKomputer/Documents/KELAS_X_RPL/KELAS-X-RPL/KELAS/SEMESTER-2-2026/27-APRIL-2026-(PROFILE)/portfolio/vendor/laravel/framework/src/Illuminate/Foundation/PackageManifest.php(108): Illuminate/Foundation/PackageManifest->build()
#2 C:/Users/lKomputer/Documents/KELAS_X_RPL/KELAS-X-RPL/KELAS/SEMESTER-2-2026/27-APRIL-2026-(PROFILE)/portfolio/vendor/laravel/framework/src/Illuminate/Foundation/PackageManifest.php(91): Illuminate/Foundation/PackageManifest->getManifest()
#3 C:/Users/lKomputer/Documents/KELAS_X_RPL/KELAS-X-RPL/KELAS/SEMESTER-2-2026/27-APRIL-2026-(PROFILE)/portfolio/vendor/laravel/framework/src/Illuminate/Foundation/PackageManifest.php(80): Illuminate/Foundation/PackageManifest->config('aliases')
#4 C:/Users/lKomputer/Documents/KELAS_X_RPL/KELAS-X-RPL/KELAS/SEMESTER-2-2026/27-APRIL-2026-(PROFILE)/portfolio/vendor/laravel/framework/src/Illuminate/Foundation/Bootstrap/RegisterFacades.php(26): Illuminate/Foundation/PackageManifest->aliases()
#5 C:/Users/lKomputer/Documents/KELAS_X_RPL/KELAS-X-RPL/KELAS/SEMESTER-2-2026/27-APRIL-2026-(PROFILE)/portfolio/vendor/laravel/framework/src/Illuminate/Foundation/Application.php(342): Illuminate/Foundation/Bootstrap/RegisterFacades->bootstrap(Object(Illuminate/Foundation/Application))
#6 C:/Users/lKomputer/Documents/KELAS_X_RPL/KELAS-X-RPL/KELAS/SEMESTER-2-2026/27-APRIL-2026-(PROFILE)/portfolio/vendor/laravel/framework/src/Illuminate/Foundation/Console/Kernel.php(474): Illuminate/Foundation/Application->bootstrapWith(Array)
#7 C:/Users/lKomputer/Documents/KELAS_X_RPL/KELAS-X-RPL/KELAS/SEMESTER-2-2026/27-APRIL-2026-(PROFILE)/portfolio/vendor/laravel/framework/src/Illuminate/Foundation/Console/Kernel.php(196): Illuminate/Foundation/Console/Kernel->bootstrap()
#8 C:/Users/lKomputer/Documents/KELAS_X_RPL/KELAS-X-RPL/KELAS/SEMESTER-2-2026/27-APRIL-2026-(PROFILE)/portfolio/vendor/laravel/framework/src/Illuminate/Foundation/Application.php(1235): Illuminate/Foundation/Console/Kernel->handle(Object(Symfony/Component/Console/Input/ArgvInput), Object(Symfony/Component/Console/Output/ConsoleOutput))
#9 C:/Users/lKomputer/Documents/KELAS_X_RPL/KELAS-X-RPL/KELAS/SEMESTER-2-2026/27-APRIL-2026-(PROFILE)/portfolio/artisan(13): Illuminate/Foundation/Application->handleCommand(Object(Symfony/Component/Console/Input/ArgvInput))
#10 {main}
"} 
[2026-05-02 17:29:04] local.ERROR: The C:\Users\lKomputer\Documents\KELAS_X_RPL\KELAS-X-RPL\KELAS\SEMESTER-2-2026\27-APRIL-2026-(PROFILE)\portfolio\bootstrap\cache directory must be present and writable. {"exception":"[object] (Exception(code: 0): The C:\\Users\\lKomputer\\Documents\\KELAS_X_RPL\\KELAS-X-RPL\\KELAS\\SEMESTER-2-2026\\27-APRIL-2026-(PROFILE)\\portfolio\\bootstrap\\cache directory must be present and writable. at C:/Users/lKomputer/Documents/KELAS_X_RPL/KELAS-X-RPL/KELAS/SEMESTER-2-2026/27-APRIL-2026-(PROFILE)/portfolio/vendor/laravel/framework/src/Illuminate/Foundation/PackageManifest.php:179)
[stacktrace]
#0 C:/Users/lKomputer/Documents/KELAS_X_RPL/KELAS-X-RPL/KELAS/SEMESTER-2-2026/27-APRIL-2026-(PROFILE)/portfolio/vendor/laravel/framework/src/Illuminate/Foundation/PackageManifest.php(132): Illuminate/Foundation/PackageManifest->write(Array)
#1 C:/Users/lKomputer/Documents/KELAS_X_RPL/KELAS-X-RPL/KELAS/SEMESTER-2-2026/27-APRIL-2026-(PROFILE)/portfolio/vendor/laravel/framework/src/Illuminate/Foundation/PackageManifest.php(108): Illuminate/Foundation/PackageManifest->build()
#2 C:/Users/lKomputer/Documents/KELAS_X_RPL/KELAS-X-RPL/KELAS/SEMESTER-2-2026/27-APRIL-2026-(PROFILE)/portfolio/vendor/laravel/framework/src/Illuminate/Foundation/PackageManifest.php(91): Illuminate/Foundation/PackageManifest->getManifest()
#3 C:/Users/lKomputer/Documents/KELAS_X_RPL/KELAS-X-RPL/KELAS/SEMESTER-2-2026/27-APRIL-2026-(PROFILE)/portfolio/vendor/laravel/framework/src/Illuminate/Foundation/PackageManifest.php(80): Illuminate/Foundation/PackageManifest->config('aliases')
#4 C:/Users/lKomputer/Documents/KELAS_X_RPL/KELAS-X-RPL/KELAS/SEMESTER-2-2026/27-APRIL-2026-(PROFILE)/portfolio/vendor/laravel/framework/src/Illuminate/Foundation/Bootstrap/RegisterFacades.php(26): Illuminate/Foundation/PackageManifest->aliases()
#5 C:/Users/lKomputer/Documents/KELAS_X_RPL/KELAS-X-RPL/KELAS/SEMESTER-2-2026/27-APRIL-2026-(PROFILE)/portfolio/vendor/laravel/framework/src/Illuminate/Foundation/Application.php(342): Illuminate/Foundation/Bootstrap/RegisterFacades->bootstrap(Object(Illuminate/Foundation/Application))
#6 C:/Users/lKomputer/Documents/KELAS_X_RPL/KELAS-X-RPL/KELAS/SEMESTER-2-2026/27-APRIL-2026-(PROFILE)/portfolio/vendor/laravel/framework/src/Illuminate/Foundation/Console/Kernel.php(474): Illuminate/Foundation/Application->bootstrapWith(Array)
#7 C:/Users/lKomputer/Documents/KELAS_X_RPL/KELAS-X-RPL/KELAS/SEMESTER-2-2026/27-APRIL-2026-(PROFILE)/portfolio/vendor/laravel/framework/src/Illuminate/Foundation/Console/Kernel.php(196): Illuminate/Foundation/Console/Kernel->bootstrap()
#8 C:/Users/lKomputer/Documents/KELAS_X_RPL/KELAS-X-RPL/KELAS/SEMESTER-2-2026/27-APRIL-2026-(PROFILE)/portfolio/vendor/laravel/framework/src/Illuminate/Foundation/Application.php(1235): Illuminate/Foundation/Console/Kernel->handle(Object(Symfony/Component/Console/Input/ArgvInput), Object(Symfony/Component/Console/Output/ConsoleOutput))
#9 C:/Users/lKomputer/Documents/KELAS_X_RPL/KELAS-X-RPL/KELAS/SEMESTER-2-2026/27-APRIL-2026-(PROFILE)/portfolio/artisan(13): Illuminate/Foundation/Application->handleCommand(Object(Symfony/Component/Console/Input/ArgvInput))
#10 {main}
"} 
[2026-05-02 17:29:04] local.ERROR: The C:\Users\lKomputer\Documents\KELAS_X_RPL\KELAS-X-RPL\KELAS\SEMESTER-2-2026\27-APRIL-2026-(PROFILE)\portfolio\bootstrap\cache directory must be present and writable. {"exception":"[object] (Exception(code: 0): The C:\\Users\\lKomputer\\Documents\\KELAS_X_RPL\\KELAS-X-RPL\\KELAS\\SEMESTER-2-2026\\27-APRIL-2026-(PROFILE)\\portfolio\\bootstrap\\cache directory must be present and writable. at C:/Users/lKomputer/Documents/KELAS_X_RPL/KELAS-X-RPL/KELAS/SEMESTER-2-2026/27-APRIL-2026-(PROFILE)/portfolio/vendor/laravel/framework/src/Illuminate/Foundation/PackageManifest.php:179)
[stacktrace]
#0 C:/Users/lKomputer/Documents/KELAS_X_RPL/KELAS-X-RPL/KELAS/SEMESTER-2-2026/27-APRIL-2026-(PROFILE)/portfolio/vendor/laravel/framework/src/Illuminate/Foundation/PackageManifest.php(132): Illuminate/Foundation/PackageManifest->write(Array)
#1 C:/Users/lKomputer/Documents/KELAS_X_RPL/KELAS-X-RPL/KELAS/SEMESTER-2-2026/27-APRIL-2026-(PROFILE)/portfolio/vendor/laravel/framework/src/Illuminate/Foundation/PackageManifest.php(108): Illuminate/Foundation/PackageManifest->build()
#2 C:/Users/lKomputer/Documents/KELAS_X_RPL/KELAS-X-RPL/KELAS/SEMESTER-2-2026/27-APRIL-2026-(PROFILE)/portfolio/vendor/laravel/framework/src/Illuminate/Foundation/PackageManifest.php(91): Illuminate/Foundation/PackageManifest->getManifest()
#3 C:/Users/lKomputer/Documents/KELAS_X_RPL/KELAS-X-RPL/KELAS/SEMESTER-2-2026/27-APRIL-2026-(PROFILE)/portfolio/vendor/laravel/framework/src/Illuminate/Foundation/PackageManifest.php(80): Illuminate/Foundation/PackageManifest->config('aliases')
#4 C:/Users/lKomputer/Documents/KELAS_X_RPL/KELAS-X-RPL/KELAS/SEMESTER-2-2026/27-APRIL-2026-(PROFILE)/portfolio/vendor/laravel/framework/src/Illuminate/Foundation/Bootstrap/RegisterFacades.php(26): Illuminate/Foundation/PackageManifest->aliases()
#5 C:/Users/lKomputer/Documents/KELAS_X_RPL/KELAS-X-RPL/KELAS/SEMESTER-2-2026/27-APRIL-2026-(PROFILE)/portfolio/vendor/laravel/framework/src/Illuminate/Foundation/Application.php(342): Illuminate/Foundation/Bootstrap/RegisterFacades->bootstrap(Object(Illuminate/Foundation/Application))
#6 C:/Users/lKomputer/Documents/KELAS_X_RPL/KELAS-X-RPL/KELAS/SEMESTER-2-2026/27-APRIL-2026-(PROFILE)/portfolio/vendor/laravel/framework/src/Illuminate/Foundation/Console/Kernel.php(474): Illuminate/Foundation/Application->bootstrapWith(Array)
#7 C:/Users/lKomputer/Documents/KELAS_X_RPL/KELAS-X-RPL/KELAS/SEMESTER-2-2026/27-APRIL-2026-(PROFILE)/portfolio/vendor/laravel/framework/src/Illuminate/Foundation/Console/Kernel.php(196): Illuminate/Foundation/Console/Kernel->bootstrap()
#8 C:/Users/lKomputer/Documents/KELAS_X_RPL/KELAS-X-RPL/KELAS/SEMESTER-2-2026/27-APRIL-2026-(PROFILE)/portfolio/vendor/laravel/framework/src/Illuminate/Foundation/Application.php(1235): Illuminate/Foundation/Console/Kernel->handle(Object(Symfony/Component/Console/Input/ArgvInput), Object(Symfony/Component/Console/Output/ConsoleOutput))
#9 C:/Users/lKomputer/Documents/KELAS_X_RPL/KELAS-X-RPL/KELAS/SEMESTER-2-2026/27-APRIL-2026-(PROFILE)/portfolio/artisan(13): Illuminate/Foundation/Application->handleCommand(Object(Symfony/Component/Console/Input/ArgvInput))
#10 {main}
"} 
[2026-05-02 17:29:06] local.ERROR: The C:\Users\lKomputer\Documents\KELAS_X_RPL\KELAS-X-RPL\KELAS\SEMESTER-2-2026\27-APRIL-2026-(PROFILE)\portfolio\bootstrap\cache directory must be present and writable. {"exception":"[object] (Exception(code: 0): The C:\\Users\\lKomputer\\Documents\\KELAS_X_RPL\\KELAS-X-RPL\\KELAS\\SEMESTER-2-2026\\27-APRIL-2026-(PROFILE)\\portfolio\\bootstrap\\cache directory must be present and writable. at C:/Users/lKomputer/Documents/KELAS_X_RPL/KELAS-X-RPL/KELAS/SEMESTER-2-2026/27-APRIL-2026-(PROFILE)/portfolio/vendor/laravel/framework/src/Illuminate/Foundation/PackageManifest.php:179)
[stacktrace]
#0 C:/Users/lKomputer/Documents/KELAS_X_RPL/KELAS-X-RPL/KELAS/SEMESTER-2-2026/27-APRIL-2026-(PROFILE)/portfolio/vendor/laravel/framework/src/Illuminate/Foundation/PackageManifest.php(132): Illuminate/Foundation/PackageManifest->write(Array)
#1 C:/Users/lKomputer/Documents/KELAS_X_RPL/KELAS-X-RPL/KELAS/SEMESTER-2-2026/27-APRIL-2026-(PROFILE)/portfolio/vendor/laravel/framework/src/Illuminate/Foundation/PackageManifest.php(108): Illuminate/Foundation/PackageManifest->build()
#2 C:/Users/lKomputer/Documents/KELAS_X_RPL/KELAS-X-RPL/KELAS/SEMESTER-2-2026/27-APRIL-2026-(PROFILE)/portfolio/vendor/laravel/framework/src/Illuminate/Foundation/PackageManifest.php(91): Illuminate/Foundation/PackageManifest->getManifest()
#3 C:/Users/lKomputer/Documents/KELAS_X_RPL/KELAS-X-RPL/KELAS/SEMESTER-2-2026/27-APRIL-2026-(PROFILE)/portfolio/vendor/laravel/framework/src/Illuminate/Foundation/PackageManifest.php(80): Illuminate/Foundation/PackageManifest->config('aliases')
#4 C:/Users/lKomputer/Documents/KELAS_X_RPL/KELAS-X-RPL/KELAS/SEMESTER-2-2026/27-APRIL-2026-(PROFILE)/portfolio/vendor/laravel/framework/src/Illuminate/Foundation/Bootstrap/RegisterFacades.php(26): Illuminate/Foundation/PackageManifest->aliases()
#5 C:/Users/lKomputer/Documents/KELAS_X_RPL/KELAS-X-RPL/KELAS/SEMESTER-2-2026/27-APRIL-2026-(PROFILE)/portfolio/vendor/laravel/framework/src/Illuminate/Foundation/Application.php(342): Illuminate/Foundation/Bootstrap/RegisterFacades->bootstrap(Object(Illuminate/Foundation/Application))
#6 C:/Users/lKomputer/Documents/KELAS_X_RPL/KELAS-X-RPL/KELAS/SEMESTER-2-2026/27-APRIL-2026-(PROFILE)/portfolio/vendor/laravel/framework/src/Illuminate/Foundation/Console/Kernel.php(474): Illuminate/Foundation/Application->bootstrapWith(Array)
#7 C:/Users/lKomputer/Documents/KELAS_X_RPL/KELAS-X-RPL/KELAS/SEMESTER-2-2026/27-APRIL-2026-(PROFILE)/portfolio/vendor/laravel/framework/src/Illuminate/Foundation/Console/Kernel.php(196): Illuminate/Foundation/Console/Kernel->bootstrap()
#8 C:/Users/lKomputer/Documents/KELAS_X_RPL/KELAS-X-RPL/KELAS/SEMESTER-2-2026/27-APRIL-2026-(PROFILE)/portfolio/vendor/laravel/framework/src/Illuminate/Foundation/Application.php(1235): Illuminate/Foundation/Console/Kernel->handle(Object(Symfony/Component/Console/Input/ArgvInput), Object(Symfony/Component/Console/Output/ConsoleOutput))
#9 C:/Users/lKomputer/Documents/KELAS_X_RPL/KELAS-X-RPL/KELAS/SEMESTER-2-2026/27-APRIL-2026-(PROFILE)/portfolio/artisan(13): Illuminate/Foundation/Application->handleCommand(Object(Symfony/Component/Console/Input/ArgvInput))
#10 {main}
"} 
[2026-05-02 17:29:48] local.ERROR: Vite manifest not found at: C:\Users\lKomputer\Documents\KELAS_X_RPL\KELAS-X-RPL\KELAS\SEMESTER-2-2026\27-APRIL-2026-(PROFILE)\portfolio\public\build/manifest.json (View: C:\Users\lKomputer\Documents\KELAS_X_RPL\KELAS-X-RPL\KELAS\SEMESTER-2-2026\27-APRIL-2026-(PROFILE)\portfolio\resources\views\welcome.blade.php) {"exception":"[object] (Illuminate\\View\\ViewException(code: 0): Vite manifest not found at: C:\\Users\\lKomputer\\Documents\\KELAS_X_RPL\\KELAS-X-RPL\\KELAS\\SEMESTER-2-2026\\27-APRIL-2026-(PROFILE)\\portfolio\\public\\build/manifest.json (View: C:\\Users\\lKomputer\\Documents\\KELAS_X_RPL\\KELAS-X-RPL\\KELAS\\SEMESTER-2-2026\\27-APRIL-2026-(PROFILE)\\portfolio\\resources\\views\\welcome.blade.php) at C:/Users/lKomputer/Documents/KELAS_X_RPL/KELAS-X-RPL/KELAS/SEMESTER-2-2026/27-APRIL-2026-(PROFILE)/portfolio/vendor/laravel/framework/src/Illuminate/Foundation/Vite.php:934)
[stacktrace]
#0 C:/Users/lKomputer/Documents/KELAS_X_RPL/KELAS-X-RPL/KELAS/SEMESTER-2-2026/27-APRIL-2026-(PROFILE)/portfolio/vendor/laravel/framework/src/Illuminate/View/Engines/PhpEngine.php(60): Illuminate/View/Engines/CompilerEngine->handleViewException(Object(Illuminate/Foundation/ViteManifestNotFoundException), 1)
#1 C:/Users/lKomputer/Documents/KELAS_X_RPL/KELAS-X-RPL/KELAS/SEMESTER-2-2026/27-APRIL-2026-(PROFILE)/portfolio/vendor/laravel/framework/src/Illuminate/View/Engines/CompilerEngine.php(75): Illuminate/View/Engines/PhpEngine->evaluatePath('C://Users//lKompu...', Array)
#2 C:/Users/lKomputer/Documents/KELAS_X_RPL/KELAS-X-RPL/KELAS/SEMESTER-2-2026/27-APRIL-2026-(PROFILE)/portfolio/vendor/laravel/framework/src/Illuminate/View/View.php(209): Illuminate/View/Engines/CompilerEngine->get('C://Users//lKompu...', Array)
#3 C:/Users/lKomputer/Documents/KELAS_X_RPL/KELAS-X-RPL/KELAS/SEMESTER-2-2026/27-APRIL-2026-(PROFILE)/portfolio/vendor/laravel/framework/src/Illuminate/View/View.php(192): Illuminate/View/View->getContents()
#4 C:/Users/lKomputer/Documents/KELAS_X_RPL/KELAS-X-RPL/KELAS/SEMESTER-2-2026/27-APRIL-2026-(PROFILE)/portfolio/vendor/laravel/framework/src/Illuminate/View/View.php(161): Illuminate/View/View->renderContents()
#5 C:/Users/lKomputer/Documents/KELAS_X_RPL/KELAS-X-RPL/KELAS/SEMESTER-2-2026/27-APRIL-2026-(PROFILE)/portfolio/vendor/laravel/framework/src/Illuminate/Http/Response.php(79): Illuminate/View/View->render()
#6 C:/Users/lKomputer/Documents/KELAS_X_RPL/KELAS-X-RPL/KELAS/SEMESTER-2-2026/27-APRIL-2026-(PROFILE)/portfolio/vendor/laravel/framework/src/Illuminate/Http/Response.php(35): Illuminate/Http/Response->setContent(Object(Illuminate/View/View))
#7 C:/Users/lKomputer/Documents/KELAS_X_RPL/KELAS-X-RPL/KELAS/SEMESTER-2-2026/27-APRIL-2026-(PROFILE)/portfolio/vendor/laravel/framework/src/Illuminate/Routing/Router.php(920): Illuminate/Http/Response->__construct(Object(Illuminate/View/View), 200, Array)
#8 C:/Users/lKomputer/Documents/KELAS_X_RPL/KELAS-X-RPL/KELAS/SEMESTER-2-2026/27-APRIL-2026-(PROFILE)/portfolio/vendor/laravel/framework/src/Illuminate/Routing/Router.php(887): Illuminate/Routing/Router::toResponse(Object(Illuminate/Http/Request), Object(Illuminate/View/View))
#9 C:/Users/lKomputer/Documents/KELAS_X_RPL/KELAS-X-RPL/KELAS/SEMESTER-2-2026/27-APRIL-2026-(PROFILE)/portfolio/vendor/laravel/framework/src/Illuminate/Routing/Router.php(807): Illuminate/Routing/Router->prepareResponse(Object(Illuminate/Http/Request), Object(Illuminate/View/View))
#10 C:/Users/lKomputer/Documents/KELAS_X_RPL/KELAS-X-RPL/KELAS/SEMESTER-2-2026/27-APRIL-2026-(PROFILE)/portfolio/vendor/laravel/framework/src/Illuminate/Pipeline/Pipeline.php(170): Illuminate/Routing/Router->Illuminate/Routing/{closure}(Object(Illuminate/Http/Request))
#11 C:/Users/lKomputer/Documents/KELAS_X_RPL/KELAS-X-RPL/KELAS/SEMESTER-2-2026/27-APRIL-2026-(PROFILE)/portfolio/vendor/laravel/framework/src/Illuminate/Routing/Middleware/SubstituteBindings.php(51): Illuminate/Pipeline/Pipeline->Illuminate/Pipeline/{closure}(Object(Illuminate/Http/Request))
#12 C:/Users/lKomputer/Documents/KELAS_X_RPL/KELAS-X-RPL/KELAS/SEMESTER-2-2026/27-APRIL-2026-(PROFILE)/portfolio/vendor/laravel/framework/src/Illuminate/Pipeline/Pipeline.php(209): Illuminate/Routing/Middleware/SubstituteBindings->handle(Object(Illuminate/Http/Request), Object(Closure))
#13 C:/Users/lKomputer/Documents/KELAS_X_RPL/KELAS-X-RPL/KELAS/SEMESTER-2-2026/27-APRIL-2026-(PROFILE)/portfolio/vendor/laravel/framework/src/Illuminate/Foundation/Http/Middleware/VerifyCsrfToken.php(88): Illuminate/Pipeline/Pipeline->Illuminate/Pipeline/{closure}(Object(Illuminate/Http/Request))
#14 C:/Users/lKomputer/Documents/KELAS_X_RPL/KELAS-X-RPL/KELAS/SEMESTER-2-2026/27-APRIL-2026-(PROFILE)/portfolio/vendor/laravel/framework/src/Illuminate/Pipeline/Pipeline.php(209): Illuminate/Foundation/Http/Middleware/VerifyCsrfToken->handle(Object(Illuminate/Http/Request), Object(Closure))
#15 C:/Users/lKomputer/Documents/KELAS_X_RPL/KELAS-X-RPL/KELAS/SEMESTER-2-2026/27-APRIL-2026-(PROFILE)/portfolio/vendor/laravel/framework/src/Illuminate/View/Middleware/ShareErrorsFromSession.php(49): Illuminate/Pipeline/Pipeline->Illuminate/Pipeline/{closure}(Object(Illuminate/Http/Request))
#16 C:/Users/lKomputer/Documents/KELAS_X_RPL/KELAS-X-RPL/KELAS/SEMESTER-2-2026/27-APRIL-2026-(PROFILE)/portfolio/vendor/laravel/framework/src/Illuminate/Pipeline/Pipeline.php(209): Illuminate/View/Middleware/ShareErrorsFromSession->handle(Object(Illuminate/Http/Request), Object(Closure))
#17 C:/Users/lKomputer/Documents/KELAS_X_RPL/KELAS-X-RPL/KELAS/SEMESTER-2-2026/27-APRIL-2026-(PROFILE)/portfolio/vendor/laravel/framework/src/Illuminate/Session/Middleware/StartSession.php(121): Illuminate/Pipeline/Pipeline->Illuminate/Pipeline/{closure}(Object(Illuminate/Http/Request))
#18 C:/Users/lKomputer/Documents/KELAS_X_RPL/KELAS-X-RPL/KELAS/SEMESTER-2-2026/27-APRIL-2026-(PROFILE)/portfolio/vendor/laravel/framework/src/Illuminate/Session/Middleware/StartSession.php(64): Illuminate/Session/Middleware/StartSession->handleStatefulRequest(Object(Illuminate/Http/Request), Object(Illuminate/Session/Store), Object(Closure))
#19 C:/Users/lKomputer/Documents/KELAS_X_RPL/KELAS-X-RPL/KELAS/SEMESTER-2-2026/27-APRIL-2026-(PROFILE)/portfolio/vendor/laravel/framework/src/Illuminate/Pipeline/Pipeline.php(209): Illuminate/Session/Middleware/StartSession->handle(Object(Illuminate/Http/Request), Object(Closure))
#20 C:/Users/lKomputer/Documents/KELAS_X_RPL/KELAS-X-RPL/KELAS/SEMESTER-2-2026/27-APRIL-2026-(PROFILE)/portfolio/vendor/laravel/framework/src/Illuminate/Cookie/Middleware/AddQueuedCookiesToResponse.php(37): Illuminate/Pipeline/Pipeline->Illuminate/Pipeline/{closure}(Object(Illuminate/Http/Request))
#21 C:/Users/lKomputer/Documents/KELAS_X_RPL/KELAS-X-RPL/KELAS/SEMESTER-2-2026/27-APRIL-2026-(PROFILE)/portfolio/vendor/laravel/framework/src/Illuminate/Pipeline/Pipeline.php(209): Illuminate/Cookie/Middleware/AddQueuedCookiesToResponse->handle(Object(Illuminate/Http/Request), Object(Closure))
#22 C:/Users/lKomputer/Documents/KELAS_X_RPL/KELAS-X-RPL/KELAS/SEMESTER-2-2026/27-APRIL-2026-(PROFILE)/portfolio/vendor/laravel/framework/src/Illuminate/Cookie/Middleware/EncryptCookies.php(75): Illuminate/Pipeline/Pipeline->Illuminate/Pipeline/{closure}(Object(Illuminate/Http/Request))
#23 C:/Users/lKomputer/Documents/KELAS_X_RPL/KELAS-X-RPL/KELAS/SEMESTER-2-2026/27-APRIL-2026-(PROFILE)/portfolio/vendor/laravel/framework/src/Illuminate/Pipeline/Pipeline.php(209): Illuminate/Cookie/Middleware/EncryptCookies->handle(Object(Illuminate/Http/Request), Object(Closure))
#24 C:/Users/lKomputer/Documents/KELAS_X_RPL/KELAS-X-RPL/KELAS/SEMESTER-2-2026/27-APRIL-2026-(PROFILE)/portfolio/vendor/laravel/framework/src/Illuminate/Pipeline/Pipeline.php(127): Illuminate/Pipeline/Pipeline->Illuminate/Pipeline/{closure}(Object(Illuminate/Http/Request))
#25 C:/Users/lKomputer/Documents/KELAS_X_RPL/KELAS-X-RPL/KELAS/SEMESTER-2-2026/27-APRIL-2026-(PROFILE)/portfolio/vendor/laravel/framework/src/Illuminate/Routing/Router.php(807): Illuminate/Pipeline/Pipeline->then(Object(Closure))
#26 C:/Users/lKomputer/Documents/KELAS_X_RPL/KELAS-X-RPL/KELAS/SEMESTER-2-2026/27-APRIL-2026-(PROFILE)/portfolio/vendor/laravel/framework/src/Illuminate/Routing/Router.php(786): Illuminate/Routing/Router->runRouteWithinStack(Object(Illuminate/Routing/Route), Object(Illuminate/Http/Request))
#27 C:/Users/lKomputer/Documents/KELAS_X_RPL/KELAS-X-RPL/KELAS/SEMESTER-2-2026/27-APRIL-2026-(PROFILE)/portfolio/vendor/laravel/framework/src/Illuminate/Routing/Router.php(750): Illuminate/Routing/Router->runRoute(Object(Illuminate/Http/Request), Object(Illuminate/Routing/Route))
#28 C:/Users/lKomputer/Documents/KELAS_X_RPL/KELAS-X-RPL/KELAS/SEMESTER-2-2026/27-APRIL-2026-(PROFILE)/portfolio/vendor/laravel/framework/src/Illuminate/Routing/Router.php(739): Illuminate/Routing/Router->dispatchToRoute(Object(Illuminate/Http/Request))
#29 C:/Users/lKomputer/Documents/KELAS_X_RPL/KELAS-X-RPL/KELAS/SEMESTER-2-2026/27-APRIL-2026-(PROFILE)/portfolio/vendor/laravel/framework/src/Illuminate/Foundation/Http/Kernel.php(201): Illuminate/Routing/Router->dispatch(Object(Illuminate/Http/Request))
#30 C:/Users/lKomputer/Documents/KELAS_X_RPL/KELAS-X-RPL/KELAS/SEMESTER-2-2026/27-APRIL-2026-(PROFILE)/portfolio/vendor/laravel/framework/src/Illuminate/Pipeline/Pipeline.php(170): Illuminate/Foundation/Http/Kernel->Illuminate/Foundation/Http/{closure}(Object(Illuminate/Http/Request))
#31 C:/Users/lKomputer/Documents/KELAS_X_RPL/KELAS-X-RPL/KELAS/SEMESTER-2-2026/27-APRIL-2026-(PROFILE)/portfolio/vendor/laravel/framework/src/Illuminate/Foundation/Http/Middleware/TransformsRequest.php(21): Illuminate/Pipeline/Pipeline->Illuminate/Pipeline/{closure}(Object(Illuminate/Http/Request))
#32 C:/Users/lKomputer/Documents/KELAS_X_RPL/KELAS-X-RPL/KELAS/SEMESTER-2-2026/27-APRIL-2026-(PROFILE)/portfolio/vendor/laravel/framework/src/Illuminate/Foundation/Http/Middleware/ConvertEmptyStringsToNull.php(31): Illuminate/Foundation/Http/Middleware/TransformsRequest->handle(Object(Illuminate/Http/Request), Object(Closure))
#33 C:/Users/lKomputer/Documents/KELAS_X_RPL/KELAS-X-RPL/KELAS/SEMESTER-2-2026/27-APRIL-2026-(PROFILE)/portfolio/vendor/laravel/framework/src/Illuminate/Pipeline/Pipeline.php(209): Illuminate/Foundation/Http/Middleware/ConvertEmptyStringsToNull->handle(Object(Illuminate/Http/Request), Object(Closure))
#34 C:/Users/lKomputer/Documents/KELAS_X_RPL/KELAS-X-RPL/KELAS/SEMESTER-2-2026/27-APRIL-2026-(PROFILE)/portfolio/vendor/laravel/framework/src/Illuminate/Foundation/Http/Middleware/TransformsRequest.php(21): Illuminate/Pipeline/Pipeline->Illuminate/Pipeline/{closure}(Object(Illuminate/Http/Request))
#35 C:/Users/lKomputer/Documents/KELAS_X_RPL/KELAS-X-RPL/KELAS/SEMESTER-2-2026/27-APRIL-2026-(PROFILE)/portfolio/vendor/laravel/framework/src/Illuminate/Foundation/Http/Middleware/TrimStrings.php(51): Illuminate/Foundation/Http/Middleware/TransformsRequest->handle(Object(Illuminate/Http/Request), Object(Closure))
#36 C:/Users/lKomputer/Documents/KELAS_X_RPL/KELAS-X-RPL/KELAS/SEMESTER-2-2026/27-APRIL-2026-(PROFILE)/portfolio/vendor/laravel/framework/src/Illuminate/Pipeline/Pipeline.php(209): Illuminate/Foundation/Http/Middleware/TrimStrings->handle(Object(Illuminate/Http/Request), Object(Closure))
#37 C:/Users/lKomputer/Documents/KELAS_X_RPL/KELAS-X-RPL/KELAS/SEMESTER-2-2026/27-APRIL-2026-(PROFILE)/portfolio/vendor/laravel/framework/src/Illuminate/Http/Middleware/ValidatePostSize.php(27): Illuminate/Pipeline/Pipeline->Illuminate/Pipeline/{closure}(Object(Illuminate/Http/Request))
#38 C:/Users/lKomputer/Documents/KELAS_X_RPL/KELAS-X-RPL/KELAS/SEMESTER-2-2026/27-APRIL-2026-(PROFILE)/portfolio/vendor/laravel/framework/src/Illuminate/Pipeline/Pipeline.php(209): Illuminate/Http/Middleware/ValidatePostSize->handle(Object(Illuminate/Http/Request), Object(Closure))
#39 C:/Users/lKomputer/Documents/KELAS_X_RPL/KELAS-X-RPL/KELAS/SEMESTER-2-2026/27-APRIL-2026-(PROFILE)/portfolio/vendor/laravel/framework/src/Illuminate/Foundation/Http/Middleware/PreventRequestsDuringMaintenance.php(110): Illuminate/Pipeline/Pipeline->Illuminate/Pipeline/{closure}(Object(Illuminate/Http/Request))
#40 C:/Users/lKomputer/Documents/KELAS_X_RPL/KELAS-X-RPL/KELAS/SEMESTER-2-2026/27-APRIL-2026-(PROFILE)/portfolio/vendor/laravel/framework/src/Illuminate/Pipeline/Pipeline.php(209): Illuminate/Foundation/Http/Middleware/PreventRequestsDuringMaintenance->handle(Object(Illuminate/Http/Request), Object(Closure))
#41 C:/Users/lKomputer/Documents/KELAS_X_RPL/KELAS-X-RPL/KELAS/SEMESTER-2-2026/27-APRIL-2026-(PROFILE)/portfolio/vendor/laravel/framework/src/Illuminate/Http/Middleware/HandleCors.php(49): Illuminate/Pipeline/Pipeline->Illuminate/Pipeline/{closure}(Object(Illuminate/Http/Request))
#42 C:/Users/lKomputer/Documents/KELAS_X_RPL/KELAS-X-RPL/KELAS/SEMESTER-2-2026/27-APRIL-2026-(PROFILE)/portfolio/vendor/laravel/framework/src/Illuminate/Pipeline/Pipeline.php(209): Illuminate/Http/Middleware/HandleCors->handle(Object(Illuminate/Http/Request), Object(Closure))
#43 C:/Users/lKomputer/Documents/KELAS_X_RPL/KELAS-X-RPL/KELAS/SEMESTER-2-2026/27-APRIL-2026-(PROFILE)/portfolio/vendor/laravel/framework/src/Illuminate/Http/Middleware/TrustProxies.php(58): Illuminate/Pipeline/Pipeline->Illuminate/Pipeline/{closure}(Object(Illuminate/Http/Request))
#44 C:/Users/lKomputer/Documents/KELAS_X_RPL/KELAS-X-RPL/KELAS/SEMESTER-2-2026/27-APRIL-2026-(PROFILE)/portfolio/vendor/laravel/framework/src/Illuminate/Pipeline/Pipeline.php(209): Illuminate/Http/Middleware/TrustProxies->handle(Object(Illuminate/Http/Request), Object(Closure))
#45 C:/Users/lKomputer/Documents/KELAS_X_RPL/KELAS-X-RPL/KELAS/SEMESTER-2-2026/27-APRIL-2026-(PROFILE)/portfolio/vendor/laravel/framework/src/Illuminate/Foundation/Http/Middleware/InvokeDeferredCallbacks.php(22): Illuminate/Pipeline/Pipeline->Illuminate/Pipeline/{closure}(Object(Illuminate/Http/Request))
#46 C:/Users/lKomputer/Documents/KELAS_X_RPL/KELAS-X-RPL/KELAS/SEMESTER-2-2026/27-APRIL-2026-(PROFILE)/portfolio/vendor/laravel/framework/src/Illuminate/Pipeline/Pipeline.php(209): Illuminate/Foundation/Http/Middleware/InvokeDeferredCallbacks->handle(Object(Illuminate/Http/Request), Object(Closure))
#47 C:/Users/lKomputer/Documents/KELAS_X_RPL/KELAS-X-RPL/KELAS/SEMESTER-2-2026/27-APRIL-2026-(PROFILE)/portfolio/vendor/laravel/framework/src/Illuminate/Pipeline/Pipeline.php(127): Illuminate/Pipeline/Pipeline->Illuminate/Pipeline/{closure}(Object(Illuminate/Http/Request))
#48 C:/Users/lKomputer/Documents/KELAS_X_RPL/KELAS-X-RPL/KELAS/SEMESTER-2-2026/27-APRIL-2026-(PROFILE)/portfolio/vendor/laravel/framework/src/Illuminate/Foundation/Http/Kernel.php(176): Illuminate/Pipeline/Pipeline->then(Object(Closure))
#49 C:/Users/lKomputer/Documents/KELAS_X_RPL/KELAS-X-RPL/KELAS/SEMESTER-2-2026/27-APRIL-2026-(PROFILE)/portfolio/vendor/laravel/framework/src/Illuminate/Foundation/Http/Kernel.php(145): Illuminate/Foundation/Http/Kernel->sendRequestThroughRouter(Object(Illuminate/Http/Request))
#50 C:/Users/lKomputer/Documents/KELAS_X_RPL/KELAS-X-RPL/KELAS/SEMESTER-2-2026/27-APRIL-2026-(PROFILE)/portfolio/vendor/laravel/framework/src/Illuminate/Foundation/Application.php(1220): Illuminate/Foundation/Http/Kernel->handle(Object(Illuminate/Http/Request))
#51 C:/Users/lKomputer/Documents/KELAS_X_RPL/KELAS-X-RPL/KELAS/SEMESTER-2-2026/27-APRIL-2026-(PROFILE)/portfolio/public/index.php(17): Illuminate/Foundation/Application->handleRequest(Object(Illuminate/Http/Request))
#52 C:/Users/lKomputer/Documents/KELAS_X_RPL/KELAS-X-RPL/KELAS/SEMESTER-2-2026/27-APRIL-2026-(PROFILE)/portfolio/vendor/laravel/framework/src/Illuminate/Foundation/resources/server.php(23): require_once('C://Users//lKompu...')
#53 {main}

[previous exception] [object] (Illuminate\\Foundation\\ViteManifestNotFoundException(code: 0): Vite manifest not found at: C:\\Users\\lKomputer\\Documents\\KELAS_X_RPL\\KELAS-X-RPL\\KELAS\\SEMESTER-2-2026\\27-APRIL-2026-(PROFILE)\\portfolio\\public\\build/manifest.json at C:/Users/lKomputer/Documents/KELAS_X_RPL/KELAS-X-RPL/KELAS/SEMESTER-2-2026/27-APRIL-2026-(PROFILE)/portfolio/vendor/laravel/framework/src/Illuminate/Foundation/Vite.php:934)
[stacktrace]
#0 C:/Users/lKomputer/Documents/KELAS_X_RPL/KELAS-X-RPL/KELAS/SEMESTER-2-2026/27-APRIL-2026-(PROFILE)/portfolio/vendor/laravel/framework/src/Illuminate/Foundation/Vite.php(384): Illuminate/Foundation/Vite->manifest('build')
#1 C:/Users/lKomputer/Documents/KELAS_X_RPL/KELAS-X-RPL/KELAS/SEMESTER-2-2026/27-APRIL-2026-(PROFILE)/portfolio/storage/framework/views/d869415afc41982e65886f588e302c49.php(8): Illuminate/Foundation/Vite->__invoke(Object(Illuminate/Support/Collection))
#2 C:/Users/lKomputer/Documents/KELAS_X_RPL/KELAS-X-RPL/KELAS/SEMESTER-2-2026/27-APRIL-2026-(PROFILE)/portfolio/vendor/laravel/framework/src/Illuminate/Filesystem/Filesystem.php(123): require('C://Users//lKompu...')
#3 C:/Users/lKomputer/Documents/KELAS_X_RPL/KELAS-X-RPL/KELAS/SEMESTER-2-2026/27-APRIL-2026-(PROFILE)/portfolio/vendor/laravel/framework/src/Illuminate/Filesystem/Filesystem.php(124): Illuminate/Filesystem/Filesystem::Illuminate/Filesystem/{closure}()
#4 C:/Users/lKomputer/Documents/KELAS_X_RPL/KELAS-X-RPL/KELAS/SEMESTER-2-2026/27-APRIL-2026-(PROFILE)/portfolio/vendor/laravel/framework/src/Illuminate/View/Engines/PhpEngine.php(58): Illuminate/Filesystem/Filesystem->getRequire('C://Users//lKompu...', Array)
#5 C:/Users/lKomputer/Documents/KELAS_X_RPL/KELAS-X-RPL/KELAS/SEMESTER-2-2026/27-APRIL-2026-(PROFILE)/portfolio/vendor/laravel/framework/src/Illuminate/View/Engines/CompilerEngine.php(75): Illuminate/View/Engines/PhpEngine->evaluatePath('C://Users//lKompu...', Array)
#6 C:/Users/lKomputer/Documents/KELAS_X_RPL/KELAS-X-RPL/KELAS/SEMESTER-2-2026/27-APRIL-2026-(PROFILE)/portfolio/vendor/laravel/framework/src/Illuminate/View/View.php(209): Illuminate/View/Engines/CompilerEngine->get('C://Users//lKompu...', Array)
#7 C:/Users/lKomputer/Documents/KELAS_X_RPL/KELAS-X-RPL/KELAS/SEMESTER-2-2026/27-APRIL-2026-(PROFILE)/portfolio/vendor/laravel/framework/src/Illuminate/View/View.php(192): Illuminate/View/View->getContents()
#8 C:/Users/lKomputer/Documents/KELAS_X_RPL/KELAS-X-RPL/KELAS/SEMESTER-2-2026/27-APRIL-2026-(PROFILE)/portfolio/vendor/laravel/framework/src/Illuminate/View/View.php(161): Illuminate/View/View->renderContents()
#9 C:/Users/lKomputer/Documents/KELAS_X_RPL/KELAS-X-RPL/KELAS/SEMESTER-2-2026/27-APRIL-2026-(PROFILE)/portfolio/vendor/laravel/framework/src/Illuminate/Http/Response.php(79): Illuminate/View/View->render()
#10 C:/Users/lKomputer/Documents/KELAS_X_RPL/KELAS-X-RPL/KELAS/SEMESTER-2-2026/27-APRIL-2026-(PROFILE)/portfolio/vendor/laravel/framework/src/Illuminate/Http/Response.php(35): Illuminate/Http/Response->setContent(Object(Illuminate/View/View))
#11 C:/Users/lKomputer/Documents/KELAS_X_RPL/KELAS-X-RPL/KELAS/SEMESTER-2-2026/27-APRIL-2026-(PROFILE)/portfolio/vendor/laravel/framework/src/Illuminate/Routing/Router.php(920): Illuminate/Http/Response->__construct(Object(Illuminate/View/View), 200, Array)
#12 C:/Users/lKomputer/Documents/KELAS_X_RPL/KELAS-X-RPL/KELAS/SEMESTER-2-2026/27-APRIL-2026-(PROFILE)/portfolio/vendor/laravel/framework/src/Illuminate/Routing/Router.php(887): Illuminate/Routing/Router::toResponse(Object(Illuminate/Http/Request), Object(Illuminate/View/View))
#13 C:/Users/lKomputer/Documents/KELAS_X_RPL/KELAS-X-RPL/KELAS/SEMESTER-2-2026/27-APRIL-2026-(PROFILE)/portfolio/vendor/laravel/framework/src/Illuminate/Routing/Router.php(807): Illuminate/Routing/Router->prepareResponse(Object(Illuminate/Http/Request), Object(Illuminate/View/View))
#14 C:/Users/lKomputer/Documents/KELAS_X_RPL/KELAS-X-RPL/KELAS/SEMESTER-2-2026/27-APRIL-2026-(PROFILE)/portfolio/vendor/laravel/framework/src/Illuminate/Pipeline/Pipeline.php(170): Illuminate/Routing/Router->Illuminate/Routing/{closure}(Object(Illuminate/Http/Request))
#15 C:/Users/lKomputer/Documents/KELAS_X_RPL/KELAS-X-RPL/KELAS/SEMESTER-2-2026/27-APRIL-2026-(PROFILE)/portfolio/vendor/laravel/framework/src/Illuminate/Routing/Middleware/SubstituteBindings.php(51): Illuminate/Pipeline/Pipeline->Illuminate/Pipeline/{closure}(Object(Illuminate/Http/Request))
#16 C:/Users/lKomputer/Documents/KELAS_X_RPL/KELAS-X-RPL/KELAS/SEMESTER-2-2026/27-APRIL-2026-(PROFILE)/portfolio/vendor/laravel/framework/src/Illuminate/Pipeline/Pipeline.php(209): Illuminate/Routing/Middleware/SubstituteBindings->handle(Object(Illuminate/Http/Request), Object(Closure))
#17 C:/Users/lKomputer/Documents/KELAS_X_RPL/KELAS-X-RPL/KELAS/SEMESTER-2-2026/27-APRIL-2026-(PROFILE)/portfolio/vendor/laravel/framework/src/Illuminate/Foundation/Http/Middleware/VerifyCsrfToken.php(88): Illuminate/Pipeline/Pipeline->Illuminate/Pipeline/{closure}(Object(Illuminate/Http/Request))
#18 C:/Users/lKomputer/Documents/KELAS_X_RPL/KELAS-X-RPL/KELAS/SEMESTER-2-2026/27-APRIL-2026-(PROFILE)/portfolio/vendor/laravel/framework/src/Illuminate/Pipeline/Pipeline.php(209): Illuminate/Foundation/Http/Middleware/VerifyCsrfToken->handle(Object(Illuminate/Http/Request), Object(Closure))
#19 C:/Users/lKomputer/Documents/KELAS_X_RPL/KELAS-X-RPL/KELAS/SEMESTER-2-2026/27-APRIL-2026-(PROFILE)/portfolio/vendor/laravel/framework/src/Illuminate/View/Middleware/ShareErrorsFromSession.php(49): Illuminate/Pipeline/Pipeline->Illuminate/Pipeline/{closure}(Object(Illuminate/Http/Request))
#20 C:/Users/lKomputer/Documents/KELAS_X_RPL/KELAS-X-RPL/KELAS/SEMESTER-2-2026/27-APRIL-2026-(PROFILE)/portfolio/vendor/laravel/framework/src/Illuminate/Pipeline/Pipeline.php(209): Illuminate/View/Middleware/ShareErrorsFromSession->handle(Object(Illuminate/Http/Request), Object(Closure))
#21 C:/Users/lKomputer/Documents/KELAS_X_RPL/KELAS-X-RPL/KELAS/SEMESTER-2-2026/27-APRIL-2026-(PROFILE)/portfolio/vendor/laravel/framework/src/Illuminate/Session/Middleware/StartSession.php(121): Illuminate/Pipeline/Pipeline->Illuminate/Pipeline/{closure}(Object(Illuminate/Http/Request))
#22 C:/Users/lKomputer/Documents/KELAS_X_RPL/KELAS-X-RPL/KELAS/SEMESTER-2-2026/27-APRIL-2026-(PROFILE)/portfolio/vendor/laravel/framework/src/Illuminate/Session/Middleware/StartSession.php(64): Illuminate/Session/Middleware/StartSession->handleStatefulRequest(Object(Illuminate/Http/Request), Object(Illuminate/Session/Store), Object(Closure))
#23 C:/Users/lKomputer/Documents/KELAS_X_RPL/KELAS-X-RPL/KELAS/SEMESTER-2-2026/27-APRIL-2026-(PROFILE)/portfolio/vendor/laravel/framework/src/Illuminate/Pipeline/Pipeline.php(209): Illuminate/Session/Middleware/StartSession->handle(Object(Illuminate/Http/Request), Object(Closure))
#24 C:/Users/lKomputer/Documents/KELAS_X_RPL/KELAS-X-RPL/KELAS/SEMESTER-2-2026/27-APRIL-2026-(PROFILE)/portfolio/vendor/laravel/framework/src/Illuminate/Cookie/Middleware/AddQueuedCookiesToResponse.php(37): Illuminate/Pipeline/Pipeline->Illuminate/Pipeline/{closure}(Object(Illuminate/Http/Request))
#25 C:/Users/lKomputer/Documents/KELAS_X_RPL/KELAS-X-RPL/KELAS/SEMESTER-2-2026/27-APRIL-2026-(PROFILE)/portfolio/vendor/laravel/framework/src/Illuminate/Pipeline/Pipeline.php(209): Illuminate/Cookie/Middleware/AddQueuedCookiesToResponse->handle(Object(Illuminate/Http/Request), Object(Closure))
#26 C:/Users/lKomputer/Documents/KELAS_X_RPL/KELAS-X-RPL/KELAS/SEMESTER-2-2026/27-APRIL-2026-(PROFILE)/portfolio/vendor/laravel/framework/src/Illuminate/Cookie/Middleware/EncryptCookies.php(75): Illuminate/Pipeline/Pipeline->Illuminate/Pipeline/{closure}(Object(Illuminate/Http/Request))
#27 C:/Users/lKomputer/Documents/KELAS_X_RPL/KELAS-X-RPL/KELAS/SEMESTER-2-2026/27-APRIL-2026-(PROFILE)/portfolio/vendor/laravel/framework/src/Illuminate/Pipeline/Pipeline.php(209): Illuminate/Cookie/Middleware/EncryptCookies->handle(Object(Illuminate/Http/Request), Object(Closure))
#28 C:/Users/lKomputer/Documents/KELAS_X_RPL/KELAS-X-RPL/KELAS/SEMESTER-2-2026/27-APRIL-2026-(PROFILE)/portfolio/vendor/laravel/framework/src/Illuminate/Pipeline/Pipeline.php(127): Illuminate/Pipeline/Pipeline->Illuminate/Pipeline/{closure}(Object(Illuminate/Http/Request))
#29 C:/Users/lKomputer/Documents/KELAS_X_RPL/KELAS-X-RPL/KELAS/SEMESTER-2-2026/27-APRIL-2026-(PROFILE)/portfolio/vendor/laravel/framework/src/Illuminate/Routing/Router.php(807): Illuminate/Pipeline/Pipeline->then(Object(Closure))
#30 C:/Users/lKomputer/Documents/KELAS_X_RPL/KELAS-X-RPL/KELAS/SEMESTER-2-2026/27-APRIL-2026-(PROFILE)/portfolio/vendor/laravel/framework/src/Illuminate/Routing/Router.php(786): Illuminate/Routing/Router->runRouteWithinStack(Object(Illuminate/Routing/Route), Object(Illuminate/Http/Request))
#31 C:/Users/lKomputer/Documents/KELAS_X_RPL/KELAS-X-RPL/KELAS/SEMESTER-2-2026/27-APRIL-2026-(PROFILE)/portfolio/vendor/laravel/framework/src/Illuminate/Routing/Router.php(750): Illuminate/Routing/Router->runRoute(Object(Illuminate/Http/Request), Object(Illuminate/Routing/Route))
#32 C:/Users/lKomputer/Documents/KELAS_X_RPL/KELAS-X-RPL/KELAS/SEMESTER-2-2026/27-APRIL-2026-(PROFILE)/portfolio/vendor/laravel/framework/src/Illuminate/Routing/Router.php(739): Illuminate/Routing/Router->dispatchToRoute(Object(Illuminate/Http/Request))
#33 C:/Users/lKomputer/Documents/KELAS_X_RPL/KELAS-X-RPL/KELAS/SEMESTER-2-2026/27-APRIL-2026-(PROFILE)/portfolio/vendor/laravel/framework/src/Illuminate/Foundation/Http/Kernel.php(201): Illuminate/Routing/Router->dispatch(Object(Illuminate/Http/Request))
#34 C:/Users/lKomputer/Documents/KELAS_X_RPL/KELAS-X-RPL/KELAS/SEMESTER-2-2026/27-APRIL-2026-(PROFILE)/portfolio/vendor/laravel/framework/src/Illuminate/Pipeline/Pipeline.php(170): Illuminate/Foundation/Http/Kernel->Illuminate/Foundation/Http/{closure}(Object(Illuminate/Http/Request))
#35 C:/Users/lKomputer/Documents/KELAS_X_RPL/KELAS-X-RPL/KELAS/SEMESTER-2-2026/27-APRIL-2026-(PROFILE)/portfolio/vendor/laravel/framework/src/Illuminate/Foundation/Http/Middleware/TransformsRequest.php(21): Illuminate/Pipeline/Pipeline->Illuminate/Pipeline/{closure}(Object(Illuminate/Http/Request))
#36 C:/Users/lKomputer/Documents/KELAS_X_RPL/KELAS-X-RPL/KELAS/SEMESTER-2-2026/27-APRIL-2026-(PROFILE)/portfolio/vendor/laravel/framework/src/Illuminate/Foundation/Http/Middleware/ConvertEmptyStringsToNull.php(31): Illuminate/Foundation/Http/Middleware/TransformsRequest->handle(Object(Illuminate/Http/Request), Object(Closure))
#37 C:/Users/lKomputer/Documents/KELAS_X_RPL/KELAS-X-RPL/KELAS/SEMESTER-2-2026/27-APRIL-2026-(PROFILE)/portfolio/vendor/laravel/framework/src/Illuminate/Pipeline/Pipeline.php(209): Illuminate/Foundation/Http/Middleware/ConvertEmptyStringsToNull->handle(Object(Illuminate/Http/Request), Object(Closure))
#38 C:/Users/lKomputer/Documents/KELAS_X_RPL/KELAS-X-RPL/KELAS/SEMESTER-2-2026/27-APRIL-2026-(PROFILE)/portfolio/vendor/laravel/framework/src/Illuminate/Foundation/Http/Middleware/TransformsRequest.php(21): Illuminate/Pipeline/Pipeline->Illuminate/Pipeline/{closure}(Object(Illuminate/Http/Request))
#39 C:/Users/lKomputer/Documents/KELAS_X_RPL/KELAS-X-RPL/KELAS/SEMESTER-2-2026/27-APRIL-2026-(PROFILE)/portfolio/vendor/laravel/framework/src/Illuminate/Foundation/Http/Middleware/TrimStrings.php(51): Illuminate/Foundation/Http/Middleware/TransformsRequest->handle(Object(Illuminate/Http/Request), Object(Closure))
#40 C:/Users/lKomputer/Documents/KELAS_X_RPL/KELAS-X-RPL/KELAS/SEMESTER-2-2026/27-APRIL-2026-(PROFILE)/portfolio/vendor/laravel/framework/src/Illuminate/Pipeline/Pipeline.php(209): Illuminate/Foundation/Http/Middleware/TrimStrings->handle(Object(Illuminate/Http/Request), Object(Closure))
#41 C:/Users/lKomputer/Documents/KELAS_X_RPL/KELAS-X-RPL/KELAS/SEMESTER-2-2026/27-APRIL-2026-(PROFILE)/portfolio/vendor/laravel/framework/src/Illuminate/Http/Middleware/ValidatePostSize.php(27): Illuminate/Pipeline/Pipeline->Illuminate/Pipeline/{closure}(Object(Illuminate/Http/Request))
#42 C:/Users/lKomputer/Documents/KELAS_X_RPL/KELAS-X-RPL/KELAS/SEMESTER-2-2026/27-APRIL-2026-(PROFILE)/portfolio/vendor/laravel/framework/src/Illuminate/Pipeline/Pipeline.php(209): Illuminate/Http/Middleware/ValidatePostSize->handle(Object(Illuminate/Http/Request), Object(Closure))
#43 C:/Users/lKomputer/Documents/KELAS_X_RPL/KELAS-X-RPL/KELAS/SEMESTER-2-2026/27-APRIL-2026-(PROFILE)/portfolio/vendor/laravel/framework/src/Illuminate/Foundation/Http/Middleware/PreventRequestsDuringMaintenance.php(110): Illuminate/Pipeline/Pipeline->Illuminate/Pipeline/{closure}(Object(Illuminate/Http/Request))
#44 C:/Users/lKomputer/Documents/KELAS_X_RPL/KELAS-X-RPL/KELAS/SEMESTER-2-2026/27-APRIL-2026-(PROFILE)/portfolio/vendor/laravel/framework/src/Illuminate/Pipeline/Pipeline.php(209): Illuminate/Foundation/Http/Middleware/PreventRequestsDuringMaintenance->handle(Object(Illuminate/Http/Request), Object(Closure))
#45 C:/Users/lKomputer/Documents/KELAS_X_RPL/KELAS-X-RPL/KELAS/SEMESTER-2-2026/27-APRIL-2026-(PROFILE)/portfolio/vendor/laravel/framework/src/Illuminate/Http/Middleware/HandleCors.php(49): Illuminate/Pipeline/Pipeline->Illuminate/Pipeline/{closure}(Object(Illuminate/Http/Request))
#46 C:/Users/lKomputer/Documents/KELAS_X_RPL/KELAS-X-RPL/KELAS/SEMESTER-2-2026/27-APRIL-2026-(PROFILE)/portfolio/vendor/laravel/framework/src/Illuminate/Pipeline/Pipeline.php(209): Illuminate/Http/Middleware/HandleCors->handle(Object(Illuminate/Http/Request), Object(Closure))
#47 C:/Users/lKomputer/Documents/KELAS_X_RPL/KELAS-X-RPL/KELAS/SEMESTER-2-2026/27-APRIL-2026-(PROFILE)/portfolio/vendor/laravel/framework/src/Illuminate/Http/Middleware/TrustProxies.php(58): Illuminate/Pipeline/Pipeline->Illuminate/Pipeline/{closure}(Object(Illuminate/Http/Request))
#48 C:/Users/lKomputer/Documents/KELAS_X_RPL/KELAS-X-RPL/KELAS/SEMESTER-2-2026/27-APRIL-2026-(PROFILE)/portfolio/vendor/laravel/framework/src/Illuminate/Pipeline/Pipeline.php(209): Illuminate/Http/Middleware/TrustProxies->handle(Object(Illuminate/Http/Request), Object(Closure))
#49 C:/Users/lKomputer/Documents/KELAS_X_RPL/KELAS-X-RPL/KELAS/SEMESTER-2-2026/27-APRIL-2026-(PROFILE)/portfolio/vendor/laravel/framework/src/Illuminate/Foundation/Http/Middleware/InvokeDeferredCallbacks.php(22): Illuminate/Pipeline/Pipeline->Illuminate/Pipeline/{closure}(Object(Illuminate/Http/Request))
#50 C:/Users/lKomputer/Documents/KELAS_X_RPL/KELAS-X-RPL/KELAS/SEMESTER-2-2026/27-APRIL-2026-(PROFILE)/portfolio/vendor/laravel/framework/src/Illuminate/Pipeline/Pipeline.php(209): Illuminate/Foundation/Http/Middleware/InvokeDeferredCallbacks->handle(Object(Illuminate/Http/Request), Object(Closure))
#51 C:/Users/lKomputer/Documents/KELAS_X_RPL/KELAS-X-RPL/KELAS/SEMESTER-2-2026/27-APRIL-2026-(PROFILE)/portfolio/vendor/laravel/framework/src/Illuminate/Pipeline/Pipeline.php(127): Illuminate/Pipeline/Pipeline->Illuminate/Pipeline/{closure}(Object(Illuminate/Http/Request))
#52 C:/Users/lKomputer/Documents/KELAS_X_RPL/KELAS-X-RPL/KELAS/SEMESTER-2-2026/27-APRIL-2026-(PROFILE)/portfolio/vendor/laravel/framework/src/Illuminate/Foundation/Http/Kernel.php(176): Illuminate/Pipeline/Pipeline->then(Object(Closure))
#53 C:/Users/lKomputer/Documents/KELAS_X_RPL/KELAS-X-RPL/KELAS/SEMESTER-2-2026/27-APRIL-2026-(PROFILE)/portfolio/vendor/laravel/framework/src/Illuminate/Foundation/Http/Kernel.php(145): Illuminate/Foundation/Http/Kernel->sendRequestThroughRouter(Object(Illuminate/Http/Request))
#54 C:/Users/lKomputer/Documents/KELAS_X_RPL/KELAS-X-RPL/KELAS/SEMESTER-2-2026/27-APRIL-2026-(PROFILE)/portfolio/vendor/laravel/framework/src/Illuminate/Foundation/Application.php(1220): Illuminate/Foundation/Http/Kernel->handle(Object(Illuminate/Http/Request))
#55 C:/Users/lKomputer/Documents/KELAS_X_RPL/KELAS-X-RPL/KELAS/SEMESTER-2-2026/27-APRIL-2026-(PROFILE)/portfolio/public/index.php(17): Illuminate/Foundation/Application->handleRequest(Object(Illuminate/Http/Request))
#56 C:/Users/lKomputer/Documents/KELAS_X_RPL/KELAS-X-RPL/KELAS/SEMESTER-2-2026/27-APRIL-2026-(PROFILE)/portfolio/vendor/laravel/framework/src/Illuminate/Foundation/resources/server.php(23): require_once('C://Users//lKompu...')
#57 {main}
"} 
[2026-05-02 18:13:07] local.ERROR: SQLSTATE[42S02]: Base table or view not found: 1146 Table 'portfolio_bilal.profiles' doesn't exist (Connection: mysql, SQL: select * from `profiles` limit 1) {"exception":"[object] (Illuminate\\Database\\QueryException(code: 42S02): SQLSTATE[42S02]: Base table or view not found: 1146 Table 'portfolio_bilal.profiles' doesn't exist (Connection: mysql, SQL: select * from `profiles` limit 1) at C:/Users/lKomputer/Documents/KELAS_X_RPL/KELAS-X-RPL/KELAS/SEMESTER-2-2026/27-APRIL-2026-(PROFILE)/portfolio/vendor/laravel/framework/src/Illuminate/Database/Connection.php:825)
[stacktrace]
#0 C:/Users/lKomputer/Documents/KELAS_X_RPL/KELAS-X-RPL/KELAS/SEMESTER-2-2026/27-APRIL-2026-(PROFILE)/portfolio/vendor/laravel/framework/src/Illuminate/Database/Connection.php(779): Illuminate/Database/Connection->runQueryCallback('select * from `...', Array, Object(Closure))
#1 C:/Users/lKomputer/Documents/KELAS_X_RPL/KELAS-X-RPL/KELAS/SEMESTER-2-2026/27-APRIL-2026-(PROFILE)/portfolio/vendor/laravel/framework/src/Illuminate/Database/Connection.php(398): Illuminate/Database/Connection->run('select * from `...', Array, Object(Closure))
#2 C:/Users/lKomputer/Documents/KELAS_X_RPL/KELAS-X-RPL/KELAS/SEMESTER-2-2026/27-APRIL-2026-(PROFILE)/portfolio/vendor/laravel/framework/src/Illuminate/Database/Query/Builder.php(3106): Illuminate/Database/Connection->select('select * from `...', Array, true)
#3 C:/Users/lKomputer/Documents/KELAS_X_RPL/KELAS-X-RPL/KELAS/SEMESTER-2-2026/27-APRIL-2026-(PROFILE)/portfolio/vendor/laravel/framework/src/Illuminate/Database/Query/Builder.php(3091): Illuminate/Database/Query/Builder->runSelect()
#4 C:/Users/lKomputer/Documents/KELAS_X_RPL/KELAS-X-RPL/KELAS/SEMESTER-2-2026/27-APRIL-2026-(PROFILE)/portfolio/vendor/laravel/framework/src/Illuminate/Database/Query/Builder.php(3676): Illuminate/Database/Query/Builder->Illuminate/Database/Query/{closure}()
#5 C:/Users/lKomputer/Documents/KELAS_X_RPL/KELAS-X-RPL/KELAS/SEMESTER-2-2026/27-APRIL-2026-(PROFILE)/portfolio/vendor/laravel/framework/src/Illuminate/Database/Query/Builder.php(3090): Illuminate/Database/Query/Builder->onceWithColumns(Array, Object(Closure))
#6 C:/Users/lKomputer/Documents/KELAS_X_RPL/KELAS-X-RPL/KELAS/SEMESTER-2-2026/27-APRIL-2026-(PROFILE)/portfolio/vendor/laravel/framework/src/Illuminate/Database/Eloquent/Builder.php(811): Illuminate/Database/Query/Builder->get(Array)
#7 C:/Users/lKomputer/Documents/KELAS_X_RPL/KELAS-X-RPL/KELAS/SEMESTER-2-2026/27-APRIL-2026-(PROFILE)/portfolio/vendor/laravel/framework/src/Illuminate/Database/Eloquent/Builder.php(793): Illuminate/Database/Eloquent/Builder->getModels(Array)
#8 C:/Users/lKomputer/Documents/KELAS_X_RPL/KELAS-X-RPL/KELAS/SEMESTER-2-2026/27-APRIL-2026-(PROFILE)/portfolio/vendor/laravel/framework/src/Illuminate/Database/Concerns/BuildsQueries.php(343): Illuminate/Database/Eloquent/Builder->get(Array)
#9 C:/Users/lKomputer/Documents/KELAS_X_RPL/KELAS-X-RPL/KELAS/SEMESTER-2-2026/27-APRIL-2026-(PROFILE)/portfolio/vendor/laravel/framework/src/Illuminate/Support/Traits/ForwardsCalls.php(23): Illuminate/Database/Eloquent/Builder->first()
#10 C:/Users/lKomputer/Documents/KELAS_X_RPL/KELAS-X-RPL/KELAS/SEMESTER-2-2026/27-APRIL-2026-(PROFILE)/portfolio/vendor/laravel/framework/src/Illuminate/Database/Eloquent/Model.php(2372): Illuminate/Database/Eloquent/Model->forwardCallTo(Object(Illuminate/Database/Eloquent/Builder), 'first', Array)
#11 C:/Users/lKomputer/Documents/KELAS_X_RPL/KELAS-X-RPL/KELAS/SEMESTER-2-2026/27-APRIL-2026-(PROFILE)/portfolio/vendor/laravel/framework/src/Illuminate/Database/Eloquent/Model.php(2384): Illuminate/Database/Eloquent/Model->__call('first', Array)
#12 C:/Users/lKomputer/Documents/KELAS_X_RPL/KELAS-X-RPL/KELAS/SEMESTER-2-2026/27-APRIL-2026-(PROFILE)/portfolio/app/Http/Controllers/Api/ProfileController.php(16): Illuminate/Database/Eloquent/Model::__callStatic('first', Array)
#13 C:/Users/lKomputer/Documents/KELAS_X_RPL/KELAS-X-RPL/KELAS/SEMESTER-2-2026/27-APRIL-2026-(PROFILE)/portfolio/vendor/laravel/framework/src/Illuminate/Routing/Controller.php(54): App/Http/Controllers/Api/ProfileController->index()
#14 C:/Users/lKomputer/Documents/KELAS_X_RPL/KELAS-X-RPL/KELAS/SEMESTER-2-2026/27-APRIL-2026-(PROFILE)/portfolio/vendor/laravel/framework/src/Illuminate/Routing/ControllerDispatcher.php(44): Illuminate/Routing/Controller->callAction('index', Array)
#15 C:/Users/lKomputer/Documents/KELAS_X_RPL/KELAS-X-RPL/KELAS/SEMESTER-2-2026/27-APRIL-2026-(PROFILE)/portfolio/vendor/laravel/framework/src/Illuminate/Routing/Route.php(266): Illuminate/Routing/ControllerDispatcher->dispatch(Object(Illuminate/Routing/Route), Object(App/Http/Controllers/Api/ProfileController), 'index')
#16 C:/Users/lKomputer/Documents/KELAS_X_RPL/KELAS-X-RPL/KELAS/SEMESTER-2-2026/27-APRIL-2026-(PROFILE)/portfolio/vendor/laravel/framework/src/Illuminate/Routing/Route.php(212): Illuminate/Routing/Route->runController()
#17 C:/Users/lKomputer/Documents/KELAS_X_RPL/KELAS-X-RPL/KELAS/SEMESTER-2-2026/27-APRIL-2026-(PROFILE)/portfolio/vendor/laravel/framework/src/Illuminate/Routing/Router.php(808): Illuminate/Routing/Route->run()
#18 C:/Users/lKomputer/Documents/KELAS_X_RPL/KELAS-X-RPL/KELAS/SEMESTER-2-2026/27-APRIL-2026-(PROFILE)/portfolio/vendor/laravel/framework/src/Illuminate/Pipeline/Pipeline.php(170): Illuminate/Routing/Router->Illuminate/Routing/{closure}(Object(Illuminate/Http/Request))
#19 C:/Users/lKomputer/Documents/KELAS_X_RPL/KELAS-X-RPL/KELAS/SEMESTER-2-2026/27-APRIL-2026-(PROFILE)/portfolio/vendor/laravel/framework/src/Illuminate/Routing/Middleware/SubstituteBindings.php(51): Illuminate/Pipeline/Pipeline->Illuminate/Pipeline/{closure}(Object(Illuminate/Http/Request))
#20 C:/Users/lKomputer/Documents/KELAS_X_RPL/KELAS-X-RPL/KELAS/SEMESTER-2-2026/27-APRIL-2026-(PROFILE)/portfolio/vendor/laravel/framework/src/Illuminate/Pipeline/Pipeline.php(209): Illuminate/Routing/Middleware/SubstituteBindings->handle(Object(Illuminate/Http/Request), Object(Closure))
#21 C:/Users/lKomputer/Documents/KELAS_X_RPL/KELAS-X-RPL/KELAS/SEMESTER-2-2026/27-APRIL-2026-(PROFILE)/portfolio/vendor/laravel/framework/src/Illuminate/Pipeline/Pipeline.php(127): Illuminate/Pipeline/Pipeline->Illuminate/Pipeline/{closure}(Object(Illuminate/Http/Request))
#22 C:/Users/lKomputer/Documents/KELAS_X_RPL/KELAS-X-RPL/KELAS/SEMESTER-2-2026/27-APRIL-2026-(PROFILE)/portfolio/vendor/laravel/framework/src/Illuminate/Routing/Router.php(807): Illuminate/Pipeline/Pipeline->then(Object(Closure))
#23 C:/Users/lKomputer/Documents/KELAS_X_RPL/KELAS-X-RPL/KELAS/SEMESTER-2-2026/27-APRIL-2026-(PROFILE)/portfolio/vendor/laravel/framework/src/Illuminate/Routing/Router.php(786): Illuminate/Routing/Router->runRouteWithinStack(Object(Illuminate/Routing/Route), Object(Illuminate/Http/Request))
#24 C:/Users/lKomputer/Documents/KELAS_X_RPL/KELAS-X-RPL/KELAS/SEMESTER-2-2026/27-APRIL-2026-(PROFILE)/portfolio/vendor/laravel/framework/src/Illuminate/Routing/Router.php(750): Illuminate/Routing/Router->runRoute(Object(Illuminate/Http/Request), Object(Illuminate/Routing/Route))
#25 C:/Users/lKomputer/Documents/KELAS_X_RPL/KELAS-X-RPL/KELAS/SEMESTER-2-2026/27-APRIL-2026-(PROFILE)/portfolio/vendor/laravel/framework/src/Illuminate/Routing/Router.php(739): Illuminate/Routing/Router->dispatchToRoute(Object(Illuminate/Http/Request))
#26 C:/Users/lKomputer/Documents/KELAS_X_RPL/KELAS-X-RPL/KELAS/SEMESTER-2-2026/27-APRIL-2026-(PROFILE)/portfolio/vendor/laravel/framework/src/Illuminate/Foundation/Http/Kernel.php(201): Illuminate/Routing/Router->dispatch(Object(Illuminate/Http/Request))
#27 C:/Users/lKomputer/Documents/KELAS_X_RPL/KELAS-X-RPL/KELAS/SEMESTER-2-2026/27-APRIL-2026-(PROFILE)/portfolio/vendor/laravel/framework/src/Illuminate/Pipeline/Pipeline.php(170): Illuminate/Foundation/Http/Kernel->Illuminate/Foundation/Http/{closure}(Object(Illuminate/Http/Request))
#28 C:/Users/lKomputer/Documents/KELAS_X_RPL/KELAS-X-RPL/KELAS/SEMESTER-2-2026/27-APRIL-2026-(PROFILE)/portfolio/vendor/laravel/framework/src/Illuminate/Foundation/Http/Middleware/TransformsRequest.php(21): Illuminate/Pipeline/Pipeline->Illuminate/Pipeline/{closure}(Object(Illuminate/Http/Request))
#29 C:/Users/lKomputer/Documents/KELAS_X_RPL/KELAS-X-RPL/KELAS/SEMESTER-2-2026/27-APRIL-2026-(PROFILE)/portfolio/vendor/laravel/framework/src/Illuminate/Foundation/Http/Middleware/ConvertEmptyStringsToNull.php(31): Illuminate/Foundation/Http/Middleware/TransformsRequest->handle(Object(Illuminate/Http/Request), Object(Closure))
#30 C:/Users/lKomputer/Documents/KELAS_X_RPL/KELAS-X-RPL/KELAS/SEMESTER-2-2026/27-APRIL-2026-(PROFILE)/portfolio/vendor/laravel/framework/src/Illuminate/Pipeline/Pipeline.php(209): Illuminate/Foundation/Http/Middleware/ConvertEmptyStringsToNull->handle(Object(Illuminate/Http/Request), Object(Closure))
#31 C:/Users/lKomputer/Documents/KELAS_X_RPL/KELAS-X-RPL/KELAS/SEMESTER-2-2026/27-APRIL-2026-(PROFILE)/portfolio/vendor/laravel/framework/src/Illuminate/Foundation/Http/Middleware/TransformsRequest.php(21): Illuminate/Pipeline/Pipeline->Illuminate/Pipeline/{closure}(Object(Illuminate/Http/Request))
#32 C:/Users/lKomputer/Documents/KELAS_X_RPL/KELAS-X-RPL/KELAS/SEMESTER-2-2026/27-APRIL-2026-(PROFILE)/portfolio/vendor/laravel/framework/src/Illuminate/Foundation/Http/Middleware/TrimStrings.php(51): Illuminate/Foundation/Http/Middleware/TransformsRequest->handle(Object(Illuminate/Http/Request), Object(Closure))
#33 C:/Users/lKomputer/Documents/KELAS_X_RPL/KELAS-X-RPL/KELAS/SEMESTER-2-2026/27-APRIL-2026-(PROFILE)/portfolio/vendor/laravel/framework/src/Illuminate/Pipeline/Pipeline.php(209): Illuminate/Foundation/Http/Middleware/TrimStrings->handle(Object(Illuminate/Http/Request), Object(Closure))
#34 C:/Users/lKomputer/Documents/KELAS_X_RPL/KELAS-X-RPL/KELAS/SEMESTER-2-2026/27-APRIL-2026-(PROFILE)/portfolio/vendor/laravel/framework/src/Illuminate/Http/Middleware/ValidatePostSize.php(27): Illuminate/Pipeline/Pipeline->Illuminate/Pipeline/{closure}(Object(Illuminate/Http/Request))
#35 C:/Users/lKomputer/Documents/KELAS_X_RPL/KELAS-X-RPL/KELAS/SEMESTER-2-2026/27-APRIL-2026-(PROFILE)/portfolio/vendor/laravel/framework/src/Illuminate/Pipeline/Pipeline.php(209): Illuminate/Http/Middleware/ValidatePostSize->handle(Object(Illuminate/Http/Request), Object(Closure))
#36 C:/Users/lKomputer/Documents/KELAS_X_RPL/KELAS-X-RPL/KELAS/SEMESTER-2-2026/27-APRIL-2026-(PROFILE)/portfolio/vendor/laravel/framework/src/Illuminate/Foundation/Http/Middleware/PreventRequestsDuringMaintenance.php(110): Illuminate/Pipeline/Pipeline->Illuminate/Pipeline/{closure}(Object(Illuminate/Http/Request))
#37 C:/Users/lKomputer/Documents/KELAS_X_RPL/KELAS-X-RPL/KELAS/SEMESTER-2-2026/27-APRIL-2026-(PROFILE)/portfolio/vendor/laravel/framework/src/Illuminate/Pipeline/Pipeline.php(209): Illuminate/Foundation/Http/Middleware/PreventRequestsDuringMaintenance->handle(Object(Illuminate/Http/Request), Object(Closure))
#38 C:/Users/lKomputer/Documents/KELAS_X_RPL/KELAS-X-RPL/KELAS/SEMESTER-2-2026/27-APRIL-2026-(PROFILE)/portfolio/vendor/laravel/framework/src/Illuminate/Http/Middleware/HandleCors.php(62): Illuminate/Pipeline/Pipeline->Illuminate/Pipeline/{closure}(Object(Illuminate/Http/Request))
#39 C:/Users/lKomputer/Documents/KELAS_X_RPL/KELAS-X-RPL/KELAS/SEMESTER-2-2026/27-APRIL-2026-(PROFILE)/portfolio/vendor/laravel/framework/src/Illuminate/Pipeline/Pipeline.php(209): Illuminate/Http/Middleware/HandleCors->handle(Object(Illuminate/Http/Request), Object(Closure))
#40 C:/Users/lKomputer/Documents/KELAS_X_RPL/KELAS-X-RPL/KELAS/SEMESTER-2-2026/27-APRIL-2026-(PROFILE)/portfolio/vendor/laravel/framework/src/Illuminate/Http/Middleware/TrustProxies.php(58): Illuminate/Pipeline/Pipeline->Illuminate/Pipeline/{closure}(Object(Illuminate/Http/Request))
#41 C:/Users/lKomputer/Documents/KELAS_X_RPL/KELAS-X-RPL/KELAS/SEMESTER-2-2026/27-APRIL-2026-(PROFILE)/portfolio/vendor/laravel/framework/src/Illuminate/Pipeline/Pipeline.php(209): Illuminate/Http/Middleware/TrustProxies->handle(Object(Illuminate/Http/Request), Object(Closure))
#42 C:/Users/lKomputer/Documents/KELAS_X_RPL/KELAS-X-RPL/KELAS/SEMESTER-2-2026/27-APRIL-2026-(PROFILE)/portfolio/vendor/laravel/framework/src/Illuminate/Foundation/Http/Middleware/InvokeDeferredCallbacks.php(22): Illuminate/Pipeline/Pipeline->Illuminate/Pipeline/{closure}(Object(Illuminate/Http/Request))
#43 C:/Users/lKomputer/Documents/KELAS_X_RPL/KELAS-X-RPL/KELAS/SEMESTER-2-2026/27-APRIL-2026-(PROFILE)/portfolio/vendor/laravel/framework/src/Illuminate/Pipeline/Pipeline.php(209): Illuminate/Foundation/Http/Middleware/InvokeDeferredCallbacks->handle(Object(Illuminate/Http/Request), Object(Closure))
#44 C:/Users/lKomputer/Documents/KELAS_X_RPL/KELAS-X-RPL/KELAS/SEMESTER-2-2026/27-APRIL-2026-(PROFILE)/portfolio/vendor/laravel/framework/src/Illuminate/Pipeline/Pipeline.php(127): Illuminate/Pipeline/Pipeline->Illuminate/Pipeline/{closure}(Object(Illuminate/Http/Request))
#45 C:/Users/lKomputer/Documents/KELAS_X_RPL/KELAS-X-RPL/KELAS/SEMESTER-2-2026/27-APRIL-2026-(PROFILE)/portfolio/vendor/laravel/framework/src/Illuminate/Foundation/Http/Kernel.php(176): Illuminate/Pipeline/Pipeline->then(Object(Closure))
#46 C:/Users/lKomputer/Documents/KELAS_X_RPL/KELAS-X-RPL/KELAS/SEMESTER-2-2026/27-APRIL-2026-(PROFILE)/portfolio/vendor/laravel/framework/src/Illuminate/Foundation/Http/Kernel.php(145): Illuminate/Foundation/Http/Kernel->sendRequestThroughRouter(Object(Illuminate/Http/Request))
#47 C:/Users/lKomputer/Documents/KELAS_X_RPL/KELAS-X-RPL/KELAS/SEMESTER-2-2026/27-APRIL-2026-(PROFILE)/portfolio/vendor/laravel/framework/src/Illuminate/Foundation/Application.php(1220): Illuminate/Foundation/Http/Kernel->handle(Object(Illuminate/Http/Request))
#48 C:/Users/lKomputer/Documents/KELAS_X_RPL/KELAS-X-RPL/KELAS/SEMESTER-2-2026/27-APRIL-2026-(PROFILE)/portfolio/public/index.php(17): Illuminate/Foundation/Application->handleRequest(Object(Illuminate/Http/Request))
#49 C:/Users/lKomputer/Documents/KELAS_X_RPL/KELAS-X-RPL/KELAS/SEMESTER-2-2026/27-APRIL-2026-(PROFILE)/portfolio/vendor/laravel/framework/src/Illuminate/Foundation/resources/server.php(23): require_once('C://Users//lKompu...')
#50 {main}

[previous exception] [object] (PDOException(code: 42S02): SQLSTATE[42S02]: Base table or view not found: 1146 Table 'portfolio_bilal.profiles' doesn't exist at C:/Users/lKomputer/Documents/KELAS_X_RPL/KELAS-X-RPL/KELAS/SEMESTER-2-2026/27-APRIL-2026-(PROFILE)/portfolio/vendor/laravel/framework/src/Illuminate/Database/Connection.php:407)
[stacktrace]
#0 C:/Users/lKomputer/Documents/KELAS_X_RPL/KELAS-X-RPL/KELAS/SEMESTER-2-2026/27-APRIL-2026-(PROFILE)/portfolio/vendor/laravel/framework/src/Illuminate/Database/Connection.php(407): PDO->prepare('select * from `...')
#1 C:/Users/lKomputer/Documents/KELAS_X_RPL/KELAS-X-RPL/KELAS/SEMESTER-2-2026/27-APRIL-2026-(PROFILE)/portfolio/vendor/laravel/framework/src/Illuminate/Database/Connection.php(812): Illuminate/Database/Connection->Illuminate/Database/{closure}('select * from `...', Array)
#2 C:/Users/lKomputer/Documents/KELAS_X_RPL/KELAS-X-RPL/KELAS/SEMESTER-2-2026/27-APRIL-2026-(PROFILE)/portfolio/vendor/laravel/framework/src/Illuminate/Database/Connection.php(779): Illuminate/Database/Connection->runQueryCallback('select * from `...', Array, Object(Closure))
#3 C:/Users/lKomputer/Documents/KELAS_X_RPL/KELAS-X-RPL/KELAS/SEMESTER-2-2026/27-APRIL-2026-(PROFILE)/portfolio/vendor/laravel/framework/src/Illuminate/Database/Connection.php(398): Illuminate/Database/Connection->run('select * from `...', Array, Object(Closure))
#4 C:/Users/lKomputer/Documents/KELAS_X_RPL/KELAS-X-RPL/KELAS/SEMESTER-2-2026/27-APRIL-2026-(PROFILE)/portfolio/vendor/laravel/framework/src/Illuminate/Database/Query/Builder.php(3106): Illuminate/Database/Connection->select('select * from `...', Array, true)
#5 C:/Users/lKomputer/Documents/KELAS_X_RPL/KELAS-X-RPL/KELAS/SEMESTER-2-2026/27-APRIL-2026-(PROFILE)/portfolio/vendor/laravel/framework/src/Illuminate/Database/Query/Builder.php(3091): Illuminate/Database/Query/Builder->runSelect()
#6 C:/Users/lKomputer/Documents/KELAS_X_RPL/KELAS-X-RPL/KELAS/SEMESTER-2-2026/27-APRIL-2026-(PROFILE)/portfolio/vendor/laravel/framework/src/Illuminate/Database/Query/Builder.php(3676): Illuminate/Database/Query/Builder->Illuminate/Database/Query/{closure}()
#7 C:/Users/lKomputer/Documents/KELAS_X_RPL/KELAS-X-RPL/KELAS/SEMESTER-2-2026/27-APRIL-2026-(PROFILE)/portfolio/vendor/laravel/framework/src/Illuminate/Database/Query/Builder.php(3090): Illuminate/Database/Query/Builder->onceWithColumns(Array, Object(Closure))
#8 C:/Users/lKomputer/Documents/KELAS_X_RPL/KELAS-X-RPL/KELAS/SEMESTER-2-2026/27-APRIL-2026-(PROFILE)/portfolio/vendor/laravel/framework/src/Illuminate/Database/Eloquent/Builder.php(811): Illuminate/Database/Query/Builder->get(Array)
#9 C:/Users/lKomputer/Documents/KELAS_X_RPL/KELAS-X-RPL/KELAS/SEMESTER-2-2026/27-APRIL-2026-(PROFILE)/portfolio/vendor/laravel/framework/src/Illuminate/Database/Eloquent/Builder.php(793): Illuminate/Database/Eloquent/Builder->getModels(Array)
#10 C:/Users/lKomputer/Documents/KELAS_X_RPL/KELAS-X-RPL/KELAS/SEMESTER-2-2026/27-APRIL-2026-(PROFILE)/portfolio/vendor/laravel/framework/src/Illuminate/Database/Concerns/BuildsQueries.php(343): Illuminate/Database/Eloquent/Builder->get(Array)
#11 C:/Users/lKomputer/Documents/KELAS_X_RPL/KELAS-X-RPL/KELAS/SEMESTER-2-2026/27-APRIL-2026-(PROFILE)/portfolio/vendor/laravel/framework/src/Illuminate/Support/Traits/ForwardsCalls.php(23): Illuminate/Database/Eloquent/Builder->first()
#12 C:/Users/lKomputer/Documents/KELAS_X_RPL/KELAS-X-RPL/KELAS/SEMESTER-2-2026/27-APRIL-2026-(PROFILE)/portfolio/vendor/laravel/framework/src/Illuminate/Database/Eloquent/Model.php(2372): Illuminate/Database/Eloquent/Model->forwardCallTo(Object(Illuminate/Database/Eloquent/Builder), 'first', Array)
#13 C:/Users/lKomputer/Documents/KELAS_X_RPL/KELAS-X-RPL/KELAS/SEMESTER-2-2026/27-APRIL-2026-(PROFILE)/portfolio/vendor/laravel/framework/src/Illuminate/Database/Eloquent/Model.php(2384): Illuminate/Database/Eloquent/Model->__call('first', Array)
#14 C:/Users/lKomputer/Documents/KELAS_X_RPL/KELAS-X-RPL/KELAS/SEMESTER-2-2026/27-APRIL-2026-(PROFILE)/portfolio/app/Http/Controllers/Api/ProfileController.php(16): Illuminate/Database/Eloquent/Model::__callStatic('first', Array)
#15 C:/Users/lKomputer/Documents/KELAS_X_RPL/KELAS-X-RPL/KELAS/SEMESTER-2-2026/27-APRIL-2026-(PROFILE)/portfolio/vendor/laravel/framework/src/Illuminate/Routing/Controller.php(54): App/Http/Controllers/Api/ProfileController->index()
#16 C:/Users/lKomputer/Documents/KELAS_X_RPL/KELAS-X-RPL/KELAS/SEMESTER-2-2026/27-APRIL-2026-(PROFILE)/portfolio/vendor/laravel/framework/src/Illuminate/Routing/ControllerDispatcher.php(44): Illuminate/Routing/Controller->callAction('index', Array)
#17 C:/Users/lKomputer/Documents/KELAS_X_RPL/KELAS-X-RPL/KELAS/SEMESTER-2-2026/27-APRIL-2026-(PROFILE)/portfolio/vendor/laravel/framework/src/Illuminate/Routing/Route.php(266): Illuminate/Routing/ControllerDispatcher->dispatch(Object(Illuminate/Routing/Route), Object(App/Http/Controllers/Api/ProfileController), 'index')
#18 C:/Users/lKomputer/Documents/KELAS_X_RPL/KELAS-X-RPL/KELAS/SEMESTER-2-2026/27-APRIL-2026-(PROFILE)/portfolio/vendor/laravel/framework/src/Illuminate/Routing/Route.php(212): Illuminate/Routing/Route->runController()
#19 C:/Users/lKomputer/Documents/KELAS_X_RPL/KELAS-X-RPL/KELAS/SEMESTER-2-2026/27-APRIL-2026-(PROFILE)/portfolio/vendor/laravel/framework/src/Illuminate/Routing/Router.php(808): Illuminate/Routing/Route->run()
#20 C:/Users/lKomputer/Documents/KELAS_X_RPL/KELAS-X-RPL/KELAS/SEMESTER-2-2026/27-APRIL-2026-(PROFILE)/portfolio/vendor/laravel/framework/src/Illuminate/Pipeline/Pipeline.php(170): Illuminate/Routing/Router->Illuminate/Routing/{closure}(Object(Illuminate/Http/Request))
#21 C:/Users/lKomputer/Documents/KELAS_X_RPL/KELAS-X-RPL/KELAS/SEMESTER-2-2026/27-APRIL-2026-(PROFILE)/portfolio/vendor/laravel/framework/src/Illuminate/Routing/Middleware/SubstituteBindings.php(51): Illuminate/Pipeline/Pipeline->Illuminate/Pipeline/{closure}(Object(Illuminate/Http/Request))
#22 C:/Users/lKomputer/Documents/KELAS_X_RPL/KELAS-X-RPL/KELAS/SEMESTER-2-2026/27-APRIL-2026-(PROFILE)/portfolio/vendor/laravel/framework/src/Illuminate/Pipeline/Pipeline.php(209): Illuminate/Routing/Middleware/SubstituteBindings->handle(Object(Illuminate/Http/Request), Object(Closure))
#23 C:/Users/lKomputer/Documents/KELAS_X_RPL/KELAS-X-RPL/KELAS/SEMESTER-2-2026/27-APRIL-2026-(PROFILE)/portfolio/vendor/laravel/framework/src/Illuminate/Pipeline/Pipeline.php(127): Illuminate/Pipeline/Pipeline->Illuminate/Pipeline/{closure}(Object(Illuminate/Http/Request))
#24 C:/Users/lKomputer/Documents/KELAS_X_RPL/KELAS-X-RPL/KELAS/SEMESTER-2-2026/27-APRIL-2026-(PROFILE)/portfolio/vendor/laravel/framework/src/Illuminate/Routing/Router.php(807): Illuminate/Pipeline/Pipeline->then(Object(Closure))
#25 C:/Users/lKomputer/Documents/KELAS_X_RPL/KELAS-X-RPL/KELAS/SEMESTER-2-2026/27-APRIL-2026-(PROFILE)/portfolio/vendor/laravel/framework/src/Illuminate/Routing/Router.php(786): Illuminate/Routing/Router->runRouteWithinStack(Object(Illuminate/Routing/Route), Object(Illuminate/Http/Request))
#26 C:/Users/lKomputer/Documents/KELAS_X_RPL/KELAS-X-RPL/KELAS/SEMESTER-2-2026/27-APRIL-2026-(PROFILE)/portfolio/vendor/laravel/framework/src/Illuminate/Routing/Router.php(750): Illuminate/Routing/Router->runRoute(Object(Illuminate/Http/Request), Object(Illuminate/Routing/Route))
#27 C:/Users/lKomputer/Documents/KELAS_X_RPL/KELAS-X-RPL/KELAS/SEMESTER-2-2026/27-APRIL-2026-(PROFILE)/portfolio/vendor/laravel/framework/src/Illuminate/Routing/Router.php(739): Illuminate/Routing/Router->dispatchToRoute(Object(Illuminate/Http/Request))
#28 C:/Users/lKomputer/Documents/KELAS_X_RPL/KELAS-X-RPL/KELAS/SEMESTER-2-2026/27-APRIL-2026-(PROFILE)/portfolio/vendor/laravel/framework/src/Illuminate/Foundation/Http/Kernel.php(201): Illuminate/Routing/Router->dispatch(Object(Illuminate/Http/Request))
#29 C:/Users/lKomputer/Documents/KELAS_X_RPL/KELAS-X-RPL/KELAS/SEMESTER-2-2026/27-APRIL-2026-(PROFILE)/portfolio/vendor/laravel/framework/src/Illuminate/Pipeline/Pipeline.php(170): Illuminate/Foundation/Http/Kernel->Illuminate/Foundation/Http/{closure}(Object(Illuminate/Http/Request))
#30 C:/Users/lKomputer/Documents/KELAS_X_RPL/KELAS-X-RPL/KELAS/SEMESTER-2-2026/27-APRIL-2026-(PROFILE)/portfolio/vendor/laravel/framework/src/Illuminate/Foundation/Http/Middleware/TransformsRequest.php(21): Illuminate/Pipeline/Pipeline->Illuminate/Pipeline/{closure}(Object(Illuminate/Http/Request))
#31 C:/Users/lKomputer/Documents/KELAS_X_RPL/KELAS-X-RPL/KELAS/SEMESTER-2-2026/27-APRIL-2026-(PROFILE)/portfolio/vendor/laravel/framework/src/Illuminate/Foundation/Http/Middleware/ConvertEmptyStringsToNull.php(31): Illuminate/Foundation/Http/Middleware/TransformsRequest->handle(Object(Illuminate/Http/Request), Object(Closure))
#32 C:/Users/lKomputer/Documents/KELAS_X_RPL/KELAS-X-RPL/KELAS/SEMESTER-2-2026/27-APRIL-2026-(PROFILE)/portfolio/vendor/laravel/framework/src/Illuminate/Pipeline/Pipeline.php(209): Illuminate/Foundation/Http/Middleware/ConvertEmptyStringsToNull->handle(Object(Illuminate/Http/Request), Object(Closure))
#33 C:/Users/lKomputer/Documents/KELAS_X_RPL/KELAS-X-RPL/KELAS/SEMESTER-2-2026/27-APRIL-2026-(PROFILE)/portfolio/vendor/laravel/framework/src/Illuminate/Foundation/Http/Middleware/TransformsRequest.php(21): Illuminate/Pipeline/Pipeline->Illuminate/Pipeline/{closure}(Object(Illuminate/Http/Request))
#34 C:/Users/lKomputer/Documents/KELAS_X_RPL/KELAS-X-RPL/KELAS/SEMESTER-2-2026/27-APRIL-2026-(PROFILE)/portfolio/vendor/laravel/framework/src/Illuminate/Foundation/Http/Middleware/TrimStrings.php(51): Illuminate/Foundation/Http/Middleware/TransformsRequest->handle(Object(Illuminate/Http/Request), Object(Closure))
#35 C:/Users/lKomputer/Documents/KELAS_X_RPL/KELAS-X-RPL/KELAS/SEMESTER-2-2026/27-APRIL-2026-(PROFILE)/portfolio/vendor/laravel/framework/src/Illuminate/Pipeline/Pipeline.php(209): Illuminate/Foundation/Http/Middleware/TrimStrings->handle(Object(Illuminate/Http/Request), Object(Closure))
#36 C:/Users/lKomputer/Documents/KELAS_X_RPL/KELAS-X-RPL/KELAS/SEMESTER-2-2026/27-APRIL-2026-(PROFILE)/portfolio/vendor/laravel/framework/src/Illuminate/Http/Middleware/ValidatePostSize.php(27): Illuminate/Pipeline/Pipeline->Illuminate/Pipeline/{closure}(Object(Illuminate/Http/Request))
#37 C:/Users/lKomputer/Documents/KELAS_X_RPL/KELAS-X-RPL/KELAS/SEMESTER-2-2026/27-APRIL-2026-(PROFILE)/portfolio/vendor/laravel/framework/src/Illuminate/Pipeline/Pipeline.php(209): Illuminate/Http/Middleware/ValidatePostSize->handle(Object(Illuminate/Http/Request), Object(Closure))
#38 C:/Users/lKomputer/Documents/KELAS_X_RPL/KELAS-X-RPL/KELAS/SEMESTER-2-2026/27-APRIL-2026-(PROFILE)/portfolio/vendor/laravel/framework/src/Illuminate/Foundation/Http/Middleware/PreventRequestsDuringMaintenance.php(110): Illuminate/Pipeline/Pipeline->Illuminate/Pipeline/{closure}(Object(Illuminate/Http/Request))
#39 C:/Users/lKomputer/Documents/KELAS_X_RPL/KELAS-X-RPL/KELAS/SEMESTER-2-2026/27-APRIL-2026-(PROFILE)/portfolio/vendor/laravel/framework/src/Illuminate/Pipeline/Pipeline.php(209): Illuminate/Foundation/Http/Middleware/PreventRequestsDuringMaintenance->handle(Object(Illuminate/Http/Request), Object(Closure))
#40 C:/Users/lKomputer/Documents/KELAS_X_RPL/KELAS-X-RPL/KELAS/SEMESTER-2-2026/27-APRIL-2026-(PROFILE)/portfolio/vendor/laravel/framework/src/Illuminate/Http/Middleware/HandleCors.php(62): Illuminate/Pipeline/Pipeline->Illuminate/Pipeline/{closure}(Object(Illuminate/Http/Request))
#41 C:/Users/lKomputer/Documents/KELAS_X_RPL/KELAS-X-RPL/KELAS/SEMESTER-2-2026/27-APRIL-2026-(PROFILE)/portfolio/vendor/laravel/framework/src/Illuminate/Pipeline/Pipeline.php(209): Illuminate/Http/Middleware/HandleCors->handle(Object(Illuminate/Http/Request), Object(Closure))
#42 C:/Users/lKomputer/Documents/KELAS_X_RPL/KELAS-X-RPL/KELAS/SEMESTER-2-2026/27-APRIL-2026-(PROFILE)/portfolio/vendor/laravel/framework/src/Illuminate/Http/Middleware/TrustProxies.php(58): Illuminate/Pipeline/Pipeline->Illuminate/Pipeline/{closure}(Object(Illuminate/Http/Request))
#43 C:/Users/lKomputer/Documents/KELAS_X_RPL/KELAS-X-RPL/KELAS/SEMESTER-2-2026/27-APRIL-2026-(PROFILE)/portfolio/vendor/laravel/framework/src/Illuminate/Pipeline/Pipeline.php(209): Illuminate/Http/Middleware/TrustProxies->handle(Object(Illuminate/Http/Request), Object(Closure))
#44 C:/Users/lKomputer/Documents/KELAS_X_RPL/KELAS-X-RPL/KELAS/SEMESTER-2-2026/27-APRIL-2026-(PROFILE)/portfolio/vendor/laravel/framework/src/Illuminate/Foundation/Http/Middleware/InvokeDeferredCallbacks.php(22): Illuminate/Pipeline/Pipeline->Illuminate/Pipeline/{closure}(Object(Illuminate/Http/Request))
#45 C:/Users/lKomputer/Documents/KELAS_X_RPL/KELAS-X-RPL/KELAS/SEMESTER-2-2026/27-APRIL-2026-(PROFILE)/portfolio/vendor/laravel/framework/src/Illuminate/Pipeline/Pipeline.php(209): Illuminate/Foundation/Http/Middleware/InvokeDeferredCallbacks->handle(Object(Illuminate/Http/Request), Object(Closure))
#46 C:/Users/lKomputer/Documents/KELAS_X_RPL/KELAS-X-RPL/KELAS/SEMESTER-2-2026/27-APRIL-2026-(PROFILE)/portfolio/vendor/laravel/framework/src/Illuminate/Pipeline/Pipeline.php(127): Illuminate/Pipeline/Pipeline->Illuminate/Pipeline/{closure}(Object(Illuminate/Http/Request))
#47 C:/Users/lKomputer/Documents/KELAS_X_RPL/KELAS-X-RPL/KELAS/SEMESTER-2-2026/27-APRIL-2026-(PROFILE)/portfolio/vendor/laravel/framework/src/Illuminate/Foundation/Http/Kernel.php(176): Illuminate/Pipeline/Pipeline->then(Object(Closure))
#48 C:/Users/lKomputer/Documents/KELAS_X_RPL/KELAS-X-RPL/KELAS/SEMESTER-2-2026/27-APRIL-2026-(PROFILE)/portfolio/vendor/laravel/framework/src/Illuminate/Foundation/Http/Kernel.php(145): Illuminate/Foundation/Http/Kernel->sendRequestThroughRouter(Object(Illuminate/Http/Request))
#49 C:/Users/lKomputer/Documents/KELAS_X_RPL/KELAS-X-RPL/KELAS/SEMESTER-2-2026/27-APRIL-2026-(PROFILE)/portfolio/vendor/laravel/framework/src/Illuminate/Foundation/Application.php(1220): Illuminate/Foundation/Http/Kernel->handle(Object(Illuminate/Http/Request))
#50 C:/Users/lKomputer/Documents/KELAS_X_RPL/KELAS-X-RPL/KELAS/SEMESTER-2-2026/27-APRIL-2026-(PROFILE)/portfolio/public/index.php(17): Illuminate/Foundation/Application->handleRequest(Object(Illuminate/Http/Request))
#51 C:/Users/lKomputer/Documents/KELAS_X_RPL/KELAS-X-RPL/KELAS/SEMESTER-2-2026/27-APRIL-2026-(PROFILE)/portfolio/vendor/laravel/framework/src/Illuminate/Foundation/resources/server.php(23): require_once('C://Users//lKompu...')
#52 {main}
"} 
[2026-05-02 18:13:07] local.ERROR: SQLSTATE[42S02]: Base table or view not found: 1146 Table 'portfolio_bilal.profiles' doesn't exist (Connection: mysql, SQL: select * from `profiles` limit 1) {"exception":"[object] (Illuminate\\Database\\QueryException(code: 42S02): SQLSTATE[42S02]: Base table or view not found: 1146 Table 'portfolio_bilal.profiles' doesn't exist (Connection: mysql, SQL: select * from `profiles` limit 1) at C:/Users/lKomputer/Documents/KELAS_X_RPL/KELAS-X-RPL/KELAS/SEMESTER-2-2026/27-APRIL-2026-(PROFILE)/portfolio/vendor/laravel/framework/src/Illuminate/Database/Connection.php:825)
[stacktrace]
#0 C:/Users/lKomputer/Documents/KELAS_X_RPL/KELAS-X-RPL/KELAS/SEMESTER-2-2026/27-APRIL-2026-(PROFILE)/portfolio/vendor/laravel/framework/src/Illuminate/Database/Connection.php(779): Illuminate/Database/Connection->runQueryCallback('select * from `...', Array, Object(Closure))
#1 C:/Users/lKomputer/Documents/KELAS_X_RPL/KELAS-X-RPL/KELAS/SEMESTER-2-2026/27-APRIL-2026-(PROFILE)/portfolio/vendor/laravel/framework/src/Illuminate/Database/Connection.php(398): Illuminate/Database/Connection->run('select * from `...', Array, Object(Closure))
#2 C:/Users/lKomputer/Documents/KELAS_X_RPL/KELAS-X-RPL/KELAS/SEMESTER-2-2026/27-APRIL-2026-(PROFILE)/portfolio/vendor/laravel/framework/src/Illuminate/Database/Query/Builder.php(3106): Illuminate/Database/Connection->select('select * from `...', Array, true)
#3 C:/Users/lKomputer/Documents/KELAS_X_RPL/KELAS-X-RPL/KELAS/SEMESTER-2-2026/27-APRIL-2026-(PROFILE)/portfolio/vendor/laravel/framework/src/Illuminate/Database/Query/Builder.php(3091): Illuminate/Database/Query/Builder->runSelect()
#4 C:/Users/lKomputer/Documents/KELAS_X_RPL/KELAS-X-RPL/KELAS/SEMESTER-2-2026/27-APRIL-2026-(PROFILE)/portfolio/vendor/laravel/framework/src/Illuminate/Database/Query/Builder.php(3676): Illuminate/Database/Query/Builder->Illuminate/Database/Query/{closure}()
#5 C:/Users/lKomputer/Documents/KELAS_X_RPL/KELAS-X-RPL/KELAS/SEMESTER-2-2026/27-APRIL-2026-(PROFILE)/portfolio/vendor/laravel/framework/src/Illuminate/Database/Query/Builder.php(3090): Illuminate/Database/Query/Builder->onceWithColumns(Array, Object(Closure))
#6 C:/Users/lKomputer/Documents/KELAS_X_RPL/KELAS-X-RPL/KELAS/SEMESTER-2-2026/27-APRIL-2026-(PROFILE)/portfolio/vendor/laravel/framework/src/Illuminate/Database/Eloquent/Builder.php(811): Illuminate/Database/Query/Builder->get(Array)
#7 C:/Users/lKomputer/Documents/KELAS_X_RPL/KELAS-X-RPL/KELAS/SEMESTER-2-2026/27-APRIL-2026-(PROFILE)/portfolio/vendor/laravel/framework/src/Illuminate/Database/Eloquent/Builder.php(793): Illuminate/Database/Eloquent/Builder->getModels(Array)
#8 C:/Users/lKomputer/Documents/KELAS_X_RPL/KELAS-X-RPL/KELAS/SEMESTER-2-2026/27-APRIL-2026-(PROFILE)/portfolio/vendor/laravel/framework/src/Illuminate/Database/Concerns/BuildsQueries.php(343): Illuminate/Database/Eloquent/Builder->get(Array)
#9 C:/Users/lKomputer/Documents/KELAS_X_RPL/KELAS-X-RPL/KELAS/SEMESTER-2-2026/27-APRIL-2026-(PROFILE)/portfolio/vendor/laravel/framework/src/Illuminate/Support/Traits/ForwardsCalls.php(23): Illuminate/Database/Eloquent/Builder->first()
#10 C:/Users/lKomputer/Documents/KELAS_X_RPL/KELAS-X-RPL/KELAS/SEMESTER-2-2026/27-APRIL-2026-(PROFILE)/portfolio/vendor/laravel/framework/src/Illuminate/Database/Eloquent/Model.php(2372): Illuminate/Database/Eloquent/Model->forwardCallTo(Object(Illuminate/Database/Eloquent/Builder), 'first', Array)
#11 C:/Users/lKomputer/Documents/KELAS_X_RPL/KELAS-X-RPL/KELAS/SEMESTER-2-2026/27-APRIL-2026-(PROFILE)/portfolio/vendor/laravel/framework/src/Illuminate/Database/Eloquent/Model.php(2384): Illuminate/Database/Eloquent/Model->__call('first', Array)
#12 C:/Users/lKomputer/Documents/KELAS_X_RPL/KELAS-X-RPL/KELAS/SEMESTER-2-2026/27-APRIL-2026-(PROFILE)/portfolio/app/Http/Controllers/Api/ProfileController.php(16): Illuminate/Database/Eloquent/Model::__callStatic('first', Array)
#13 C:/Users/lKomputer/Documents/KELAS_X_RPL/KELAS-X-RPL/KELAS/SEMESTER-2-2026/27-APRIL-2026-(PROFILE)/portfolio/vendor/laravel/framework/src/Illuminate/Routing/Controller.php(54): App/Http/Controllers/Api/ProfileController->index()
#14 C:/Users/lKomputer/Documents/KELAS_X_RPL/KELAS-X-RPL/KELAS/SEMESTER-2-2026/27-APRIL-2026-(PROFILE)/portfolio/vendor/laravel/framework/src/Illuminate/Routing/ControllerDispatcher.php(44): Illuminate/Routing/Controller->callAction('index', Array)
#15 C:/Users/lKomputer/Documents/KELAS_X_RPL/KELAS-X-RPL/KELAS/SEMESTER-2-2026/27-APRIL-2026-(PROFILE)/portfolio/vendor/laravel/framework/src/Illuminate/Routing/Route.php(266): Illuminate/Routing/ControllerDispatcher->dispatch(Object(Illuminate/Routing/Route), Object(App/Http/Controllers/Api/ProfileController), 'index')
#16 C:/Users/lKomputer/Documents/KELAS_X_RPL/KELAS-X-RPL/KELAS/SEMESTER-2-2026/27-APRIL-2026-(PROFILE)/portfolio/vendor/laravel/framework/src/Illuminate/Routing/Route.php(212): Illuminate/Routing/Route->runController()
#17 C:/Users/lKomputer/Documents/KELAS_X_RPL/KELAS-X-RPL/KELAS/SEMESTER-2-2026/27-APRIL-2026-(PROFILE)/portfolio/vendor/laravel/framework/src/Illuminate/Routing/Router.php(808): Illuminate/Routing/Route->run()
#18 C:/Users/lKomputer/Documents/KELAS_X_RPL/KELAS-X-RPL/KELAS/SEMESTER-2-2026/27-APRIL-2026-(PROFILE)/portfolio/vendor/laravel/framework/src/Illuminate/Pipeline/Pipeline.php(170): Illuminate/Routing/Router->Illuminate/Routing/{closure}(Object(Illuminate/Http/Request))
#19 C:/Users/lKomputer/Documents/KELAS_X_RPL/KELAS-X-RPL/KELAS/SEMESTER-2-2026/27-APRIL-2026-(PROFILE)/portfolio/vendor/laravel/framework/src/Illuminate/Routing/Middleware/SubstituteBindings.php(51): Illuminate/Pipeline/Pipeline->Illuminate/Pipeline/{closure}(Object(Illuminate/Http/Request))
#20 C:/Users/lKomputer/Documents/KELAS_X_RPL/KELAS-X-RPL/KELAS/SEMESTER-2-2026/27-APRIL-2026-(PROFILE)/portfolio/vendor/laravel/framework/src/Illuminate/Pipeline/Pipeline.php(209): Illuminate/Routing/Middleware/SubstituteBindings->handle(Object(Illuminate/Http/Request), Object(Closure))
#21 C:/Users/lKomputer/Documents/KELAS_X_RPL/KELAS-X-RPL/KELAS/SEMESTER-2-2026/27-APRIL-2026-(PROFILE)/portfolio/vendor/laravel/framework/src/Illuminate/Pipeline/Pipeline.php(127): Illuminate/Pipeline/Pipeline->Illuminate/Pipeline/{closure}(Object(Illuminate/Http/Request))
#22 C:/Users/lKomputer/Documents/KELAS_X_RPL/KELAS-X-RPL/KELAS/SEMESTER-2-2026/27-APRIL-2026-(PROFILE)/portfolio/vendor/laravel/framework/src/Illuminate/Routing/Router.php(807): Illuminate/Pipeline/Pipeline->then(Object(Closure))
#23 C:/Users/lKomputer/Documents/KELAS_X_RPL/KELAS-X-RPL/KELAS/SEMESTER-2-2026/27-APRIL-2026-(PROFILE)/portfolio/vendor/laravel/framework/src/Illuminate/Routing/Router.php(786): Illuminate/Routing/Router->runRouteWithinStack(Object(Illuminate/Routing/Route), Object(Illuminate/Http/Request))
#24 C:/Users/lKomputer/Documents/KELAS_X_RPL/KELAS-X-RPL/KELAS/SEMESTER-2-2026/27-APRIL-2026-(PROFILE)/portfolio/vendor/laravel/framework/src/Illuminate/Routing/Router.php(750): Illuminate/Routing/Router->runRoute(Object(Illuminate/Http/Request), Object(Illuminate/Routing/Route))
#25 C:/Users/lKomputer/Documents/KELAS_X_RPL/KELAS-X-RPL/KELAS/SEMESTER-2-2026/27-APRIL-2026-(PROFILE)/portfolio/vendor/laravel/framework/src/Illuminate/Routing/Router.php(739): Illuminate/Routing/Router->dispatchToRoute(Object(Illuminate/Http/Request))
#26 C:/Users/lKomputer/Documents/KELAS_X_RPL/KELAS-X-RPL/KELAS/SEMESTER-2-2026/27-APRIL-2026-(PROFILE)/portfolio/vendor/laravel/framework/src/Illuminate/Foundation/Http/Kernel.php(201): Illuminate/Routing/Router->dispatch(Object(Illuminate/Http/Request))
#27 C:/Users/lKomputer/Documents/KELAS_X_RPL/KELAS-X-RPL/KELAS/SEMESTER-2-2026/27-APRIL-2026-(PROFILE)/portfolio/vendor/laravel/framework/src/Illuminate/Pipeline/Pipeline.php(170): Illuminate/Foundation/Http/Kernel->Illuminate/Foundation/Http/{closure}(Object(Illuminate/Http/Request))
#28 C:/Users/lKomputer/Documents/KELAS_X_RPL/KELAS-X-RPL/KELAS/SEMESTER-2-2026/27-APRIL-2026-(PROFILE)/portfolio/vendor/laravel/framework/src/Illuminate/Foundation/Http/Middleware/TransformsRequest.php(21): Illuminate/Pipeline/Pipeline->Illuminate/Pipeline/{closure}(Object(Illuminate/Http/Request))
#29 C:/Users/lKomputer/Documents/KELAS_X_RPL/KELAS-X-RPL/KELAS/SEMESTER-2-2026/27-APRIL-2026-(PROFILE)/portfolio/vendor/laravel/framework/src/Illuminate/Foundation/Http/Middleware/ConvertEmptyStringsToNull.php(31): Illuminate/Foundation/Http/Middleware/TransformsRequest->handle(Object(Illuminate/Http/Request), Object(Closure))
#30 C:/Users/lKomputer/Documents/KELAS_X_RPL/KELAS-X-RPL/KELAS/SEMESTER-2-2026/27-APRIL-2026-(PROFILE)/portfolio/vendor/laravel/framework/src/Illuminate/Pipeline/Pipeline.php(209): Illuminate/Foundation/Http/Middleware/ConvertEmptyStringsToNull->handle(Object(Illuminate/Http/Request), Object(Closure))
#31 C:/Users/lKomputer/Documents/KELAS_X_RPL/KELAS-X-RPL/KELAS/SEMESTER-2-2026/27-APRIL-2026-(PROFILE)/portfolio/vendor/laravel/framework/src/Illuminate/Foundation/Http/Middleware/TransformsRequest.php(21): Illuminate/Pipeline/Pipeline->Illuminate/Pipeline/{closure}(Object(Illuminate/Http/Request))
#32 C:/Users/lKomputer/Documents/KELAS_X_RPL/KELAS-X-RPL/KELAS/SEMESTER-2-2026/27-APRIL-2026-(PROFILE)/portfolio/vendor/laravel/framework/src/Illuminate/Foundation/Http/Middleware/TrimStrings.php(51): Illuminate/Foundation/Http/Middleware/TransformsRequest->handle(Object(Illuminate/Http/Request), Object(Closure))
#33 C:/Users/lKomputer/Documents/KELAS_X_RPL/KELAS-X-RPL/KELAS/SEMESTER-2-2026/27-APRIL-2026-(PROFILE)/portfolio/vendor/laravel/framework/src/Illuminate/Pipeline/Pipeline.php(209): Illuminate/Foundation/Http/Middleware/TrimStrings->handle(Object(Illuminate/Http/Request), Object(Closure))
#34 C:/Users/lKomputer/Documents/KELAS_X_RPL/KELAS-X-RPL/KELAS/SEMESTER-2-2026/27-APRIL-2026-(PROFILE)/portfolio/vendor/laravel/framework/src/Illuminate/Http/Middleware/ValidatePostSize.php(27): Illuminate/Pipeline/Pipeline->Illuminate/Pipeline/{closure}(Object(Illuminate/Http/Request))
#35 C:/Users/lKomputer/Documents/KELAS_X_RPL/KELAS-X-RPL/KELAS/SEMESTER-2-2026/27-APRIL-2026-(PROFILE)/portfolio/vendor/laravel/framework/src/Illuminate/Pipeline/Pipeline.php(209): Illuminate/Http/Middleware/ValidatePostSize->handle(Object(Illuminate/Http/Request), Object(Closure))
#36 C:/Users/lKomputer/Documents/KELAS_X_RPL/KELAS-X-RPL/KELAS/SEMESTER-2-2026/27-APRIL-2026-(PROFILE)/portfolio/vendor/laravel/framework/src/Illuminate/Foundation/Http/Middleware/PreventRequestsDuringMaintenance.php(110): Illuminate/Pipeline/Pipeline->Illuminate/Pipeline/{closure}(Object(Illuminate/Http/Request))
#37 C:/Users/lKomputer/Documents/KELAS_X_RPL/KELAS-X-RPL/KELAS/SEMESTER-2-2026/27-APRIL-2026-(PROFILE)/portfolio/vendor/laravel/framework/src/Illuminate/Pipeline/Pipeline.php(209): Illuminate/Foundation/Http/Middleware/PreventRequestsDuringMaintenance->handle(Object(Illuminate/Http/Request), Object(Closure))
#38 C:/Users/lKomputer/Documents/KELAS_X_RPL/KELAS-X-RPL/KELAS/SEMESTER-2-2026/27-APRIL-2026-(PROFILE)/portfolio/vendor/laravel/framework/src/Illuminate/Http/Middleware/HandleCors.php(62): Illuminate/Pipeline/Pipeline->Illuminate/Pipeline/{closure}(Object(Illuminate/Http/Request))
#39 C:/Users/lKomputer/Documents/KELAS_X_RPL/KELAS-X-RPL/KELAS/SEMESTER-2-2026/27-APRIL-2026-(PROFILE)/portfolio/vendor/laravel/framework/src/Illuminate/Pipeline/Pipeline.php(209): Illuminate/Http/Middleware/HandleCors->handle(Object(Illuminate/Http/Request), Object(Closure))
#40 C:/Users/lKomputer/Documents/KELAS_X_RPL/KELAS-X-RPL/KELAS/SEMESTER-2-2026/27-APRIL-2026-(PROFILE)/portfolio/vendor/laravel/framework/src/Illuminate/Http/Middleware/TrustProxies.php(58): Illuminate/Pipeline/Pipeline->Illuminate/Pipeline/{closure}(Object(Illuminate/Http/Request))
#41 C:/Users/lKomputer/Documents/KELAS_X_RPL/KELAS-X-RPL/KELAS/SEMESTER-2-2026/27-APRIL-2026-(PROFILE)/portfolio/vendor/laravel/framework/src/Illuminate/Pipeline/Pipeline.php(209): Illuminate/Http/Middleware/TrustProxies->handle(Object(Illuminate/Http/Request), Object(Closure))
#42 C:/Users/lKomputer/Documents/KELAS_X_RPL/KELAS-X-RPL/KELAS/SEMESTER-2-2026/27-APRIL-2026-(PROFILE)/portfolio/vendor/laravel/framework/src/Illuminate/Foundation/Http/Middleware/InvokeDeferredCallbacks.php(22): Illuminate/Pipeline/Pipeline->Illuminate/Pipeline/{closure}(Object(Illuminate/Http/Request))
#43 C:/Users/lKomputer/Documents/KELAS_X_RPL/KELAS-X-RPL/KELAS/SEMESTER-2-2026/27-APRIL-2026-(PROFILE)/portfolio/vendor/laravel/framework/src/Illuminate/Pipeline/Pipeline.php(209): Illuminate/Foundation/Http/Middleware/InvokeDeferredCallbacks->handle(Object(Illuminate/Http/Request), Object(Closure))
#44 C:/Users/lKomputer/Documents/KELAS_X_RPL/KELAS-X-RPL/KELAS/SEMESTER-2-2026/27-APRIL-2026-(PROFILE)/portfolio/vendor/laravel/framework/src/Illuminate/Pipeline/Pipeline.php(127): Illuminate/Pipeline/Pipeline->Illuminate/Pipeline/{closure}(Object(Illuminate/Http/Request))
#45 C:/Users/lKomputer/Documents/KELAS_X_RPL/KELAS-X-RPL/KELAS/SEMESTER-2-2026/27-APRIL-2026-(PROFILE)/portfolio/vendor/laravel/framework/src/Illuminate/Foundation/Http/Kernel.php(176): Illuminate/Pipeline/Pipeline->then(Object(Closure))
#46 C:/Users/lKomputer/Documents/KELAS_X_RPL/KELAS-X-RPL/KELAS/SEMESTER-2-2026/27-APRIL-2026-(PROFILE)/portfolio/vendor/laravel/framework/src/Illuminate/Foundation/Http/Kernel.php(145): Illuminate/Foundation/Http/Kernel->sendRequestThroughRouter(Object(Illuminate/Http/Request))
#47 C:/Users/lKomputer/Documents/KELAS_X_RPL/KELAS-X-RPL/KELAS/SEMESTER-2-2026/27-APRIL-2026-(PROFILE)/portfolio/vendor/laravel/framework/src/Illuminate/Foundation/Application.php(1220): Illuminate/Foundation/Http/Kernel->handle(Object(Illuminate/Http/Request))
#48 C:/Users/lKomputer/Documents/KELAS_X_RPL/KELAS-X-RPL/KELAS/SEMESTER-2-2026/27-APRIL-2026-(PROFILE)/portfolio/public/index.php(17): Illuminate/Foundation/Application->handleRequest(Object(Illuminate/Http/Request))
#49 C:/Users/lKomputer/Documents/KELAS_X_RPL/KELAS-X-RPL/KELAS/SEMESTER-2-2026/27-APRIL-2026-(PROFILE)/portfolio/vendor/laravel/framework/src/Illuminate/Foundation/resources/server.php(23): require_once('C://Users//lKompu...')
#50 {main}

[previous exception] [object] (PDOException(code: 42S02): SQLSTATE[42S02]: Base table or view not found: 1146 Table 'portfolio_bilal.profiles' doesn't exist at C:/Users/lKomputer/Documents/KELAS_X_RPL/KELAS-X-RPL/KELAS/SEMESTER-2-2026/27-APRIL-2026-(PROFILE)/portfolio/vendor/laravel/framework/src/Illuminate/Database/Connection.php:407)
[stacktrace]
#0 C:/Users/lKomputer/Documents/KELAS_X_RPL/KELAS-X-RPL/KELAS/SEMESTER-2-2026/27-APRIL-2026-(PROFILE)/portfolio/vendor/laravel/framework/src/Illuminate/Database/Connection.php(407): PDO->prepare('select * from `...')
#1 C:/Users/lKomputer/Documents/KELAS_X_RPL/KELAS-X-RPL/KELAS/SEMESTER-2-2026/27-APRIL-2026-(PROFILE)/portfolio/vendor/laravel/framework/src/Illuminate/Database/Connection.php(812): Illuminate/Database/Connection->Illuminate/Database/{closure}('select * from `...', Array)
#2 C:/Users/lKomputer/Documents/KELAS_X_RPL/KELAS-X-RPL/KELAS/SEMESTER-2-2026/27-APRIL-2026-(PROFILE)/portfolio/vendor/laravel/framework/src/Illuminate/Database/Connection.php(779): Illuminate/Database/Connection->runQueryCallback('select * from `...', Array, Object(Closure))
#3 C:/Users/lKomputer/Documents/KELAS_X_RPL/KELAS-X-RPL/KELAS/SEMESTER-2-2026/27-APRIL-2026-(PROFILE)/portfolio/vendor/laravel/framework/src/Illuminate/Database/Connection.php(398): Illuminate/Database/Connection->run('select * from `...', Array, Object(Closure))
#4 C:/Users/lKomputer/Documents/KELAS_X_RPL/KELAS-X-RPL/KELAS/SEMESTER-2-2026/27-APRIL-2026-(PROFILE)/portfolio/vendor/laravel/framework/src/Illuminate/Database/Query/Builder.php(3106): Illuminate/Database/Connection->select('select * from `...', Array, true)
#5 C:/Users/lKomputer/Documents/KELAS_X_RPL/KELAS-X-RPL/KELAS/SEMESTER-2-2026/27-APRIL-2026-(PROFILE)/portfolio/vendor/laravel/framework/src/Illuminate/Database/Query/Builder.php(3091): Illuminate/Database/Query/Builder->runSelect()
#6 C:/Users/lKomputer/Documents/KELAS_X_RPL/KELAS-X-RPL/KELAS/SEMESTER-2-2026/27-APRIL-2026-(PROFILE)/portfolio/vendor/laravel/framework/src/Illuminate/Database/Query/Builder.php(3676): Illuminate/Database/Query/Builder->Illuminate/Database/Query/{closure}()
#7 C:/Users/lKomputer/Documents/KELAS_X_RPL/KELAS-X-RPL/KELAS/SEMESTER-2-2026/27-APRIL-2026-(PROFILE)/portfolio/vendor/laravel/framework/src/Illuminate/Database/Query/Builder.php(3090): Illuminate/Database/Query/Builder->onceWithColumns(Array, Object(Closure))
#8 C:/Users/lKomputer/Documents/KELAS_X_RPL/KELAS-X-RPL/KELAS/SEMESTER-2-2026/27-APRIL-2026-(PROFILE)/portfolio/vendor/laravel/framework/src/Illuminate/Database/Eloquent/Builder.php(811): Illuminate/Database/Query/Builder->get(Array)
#9 C:/Users/lKomputer/Documents/KELAS_X_RPL/KELAS-X-RPL/KELAS/SEMESTER-2-2026/27-APRIL-2026-(PROFILE)/portfolio/vendor/laravel/framework/src/Illuminate/Database/Eloquent/Builder.php(793): Illuminate/Database/Eloquent/Builder->getModels(Array)
#10 C:/Users/lKomputer/Documents/KELAS_X_RPL/KELAS-X-RPL/KELAS/SEMESTER-2-2026/27-APRIL-2026-(PROFILE)/portfolio/vendor/laravel/framework/src/Illuminate/Database/Concerns/BuildsQueries.php(343): Illuminate/Database/Eloquent/Builder->get(Array)
#11 C:/Users/lKomputer/Documents/KELAS_X_RPL/KELAS-X-RPL/KELAS/SEMESTER-2-2026/27-APRIL-2026-(PROFILE)/portfolio/vendor/laravel/framework/src/Illuminate/Support/Traits/ForwardsCalls.php(23): Illuminate/Database/Eloquent/Builder->first()
#12 C:/Users/lKomputer/Documents/KELAS_X_RPL/KELAS-X-RPL/KELAS/SEMESTER-2-2026/27-APRIL-2026-(PROFILE)/portfolio/vendor/laravel/framework/src/Illuminate/Database/Eloquent/Model.php(2372): Illuminate/Database/Eloquent/Model->forwardCallTo(Object(Illuminate/Database/Eloquent/Builder), 'first', Array)
#13 C:/Users/lKomputer/Documents/KELAS_X_RPL/KELAS-X-RPL/KELAS/SEMESTER-2-2026/27-APRIL-2026-(PROFILE)/portfolio/vendor/laravel/framework/src/Illuminate/Database/Eloquent/Model.php(2384): Illuminate/Database/Eloquent/Model->__call('first', Array)
#14 C:/Users/lKomputer/Documents/KELAS_X_RPL/KELAS-X-RPL/KELAS/SEMESTER-2-2026/27-APRIL-2026-(PROFILE)/portfolio/app/Http/Controllers/Api/ProfileController.php(16): Illuminate/Database/Eloquent/Model::__callStatic('first', Array)
#15 C:/Users/lKomputer/Documents/KELAS_X_RPL/KELAS-X-RPL/KELAS/SEMESTER-2-2026/27-APRIL-2026-(PROFILE)/portfolio/vendor/laravel/framework/src/Illuminate/Routing/Controller.php(54): App/Http/Controllers/Api/ProfileController->index()
#16 C:/Users/lKomputer/Documents/KELAS_X_RPL/KELAS-X-RPL/KELAS/SEMESTER-2-2026/27-APRIL-2026-(PROFILE)/portfolio/vendor/laravel/framework/src/Illuminate/Routing/ControllerDispatcher.php(44): Illuminate/Routing/Controller->callAction('index', Array)
#17 C:/Users/lKomputer/Documents/KELAS_X_RPL/KELAS-X-RPL/KELAS/SEMESTER-2-2026/27-APRIL-2026-(PROFILE)/portfolio/vendor/laravel/framework/src/Illuminate/Routing/Route.php(266): Illuminate/Routing/ControllerDispatcher->dispatch(Object(Illuminate/Routing/Route), Object(App/Http/Controllers/Api/ProfileController), 'index')
#18 C:/Users/lKomputer/Documents/KELAS_X_RPL/KELAS-X-RPL/KELAS/SEMESTER-2-2026/27-APRIL-2026-(PROFILE)/portfolio/vendor/laravel/framework/src/Illuminate/Routing/Route.php(212): Illuminate/Routing/Route->runController()
#19 C:/Users/lKomputer/Documents/KELAS_X_RPL/KELAS-X-RPL/KELAS/SEMESTER-2-2026/27-APRIL-2026-(PROFILE)/portfolio/vendor/laravel/framework/src/Illuminate/Routing/Router.php(808): Illuminate/Routing/Route->run()
#20 C:/Users/lKomputer/Documents/KELAS_X_RPL/KELAS-X-RPL/KELAS/SEMESTER-2-2026/27-APRIL-2026-(PROFILE)/portfolio/vendor/laravel/framework/src/Illuminate/Pipeline/Pipeline.php(170): Illuminate/Routing/Router->Illuminate/Routing/{closure}(Object(Illuminate/Http/Request))
#21 C:/Users/lKomputer/Documents/KELAS_X_RPL/KELAS-X-RPL/KELAS/SEMESTER-2-2026/27-APRIL-2026-(PROFILE)/portfolio/vendor/laravel/framework/src/Illuminate/Routing/Middleware/SubstituteBindings.php(51): Illuminate/Pipeline/Pipeline->Illuminate/Pipeline/{closure}(Object(Illuminate/Http/Request))
#22 C:/Users/lKomputer/Documents/KELAS_X_RPL/KELAS-X-RPL/KELAS/SEMESTER-2-2026/27-APRIL-2026-(PROFILE)/portfolio/vendor/laravel/framework/src/Illuminate/Pipeline/Pipeline.php(209): Illuminate/Routing/Middleware/SubstituteBindings->handle(Object(Illuminate/Http/Request), Object(Closure))
#23 C:/Users/lKomputer/Documents/KELAS_X_RPL/KELAS-X-RPL/KELAS/SEMESTER-2-2026/27-APRIL-2026-(PROFILE)/portfolio/vendor/laravel/framework/src/Illuminate/Pipeline/Pipeline.php(127): Illuminate/Pipeline/Pipeline->Illuminate/Pipeline/{closure}(Object(Illuminate/Http/Request))
#24 C:/Users/lKomputer/Documents/KELAS_X_RPL/KELAS-X-RPL/KELAS/SEMESTER-2-2026/27-APRIL-2026-(PROFILE)/portfolio/vendor/laravel/framework/src/Illuminate/Routing/Router.php(807): Illuminate/Pipeline/Pipeline->then(Object(Closure))
#25 C:/Users/lKomputer/Documents/KELAS_X_RPL/KELAS-X-RPL/KELAS/SEMESTER-2-2026/27-APRIL-2026-(PROFILE)/portfolio/vendor/laravel/framework/src/Illuminate/Routing/Router.php(786): Illuminate/Routing/Router->runRouteWithinStack(Object(Illuminate/Routing/Route), Object(Illuminate/Http/Request))
#26 C:/Users/lKomputer/Documents/KELAS_X_RPL/KELAS-X-RPL/KELAS/SEMESTER-2-2026/27-APRIL-2026-(PROFILE)/portfolio/vendor/laravel/framework/src/Illuminate/Routing/Router.php(750): Illuminate/Routing/Router->runRoute(Object(Illuminate/Http/Request), Object(Illuminate/Routing/Route))
#27 C:/Users/lKomputer/Documents/KELAS_X_RPL/KELAS-X-RPL/KELAS/SEMESTER-2-2026/27-APRIL-2026-(PROFILE)/portfolio/vendor/laravel/framework/src/Illuminate/Routing/Router.php(739): Illuminate/Routing/Router->dispatchToRoute(Object(Illuminate/Http/Request))
#28 C:/Users/lKomputer/Documents/KELAS_X_RPL/KELAS-X-RPL/KELAS/SEMESTER-2-2026/27-APRIL-2026-(PROFILE)/portfolio/vendor/laravel/framework/src/Illuminate/Foundation/Http/Kernel.php(201): Illuminate/Routing/Router->dispatch(Object(Illuminate/Http/Request))
#29 C:/Users/lKomputer/Documents/KELAS_X_RPL/KELAS-X-RPL/KELAS/SEMESTER-2-2026/27-APRIL-2026-(PROFILE)/portfolio/vendor/laravel/framework/src/Illuminate/Pipeline/Pipeline.php(170): Illuminate/Foundation/Http/Kernel->Illuminate/Foundation/Http/{closure}(Object(Illuminate/Http/Request))
#30 C:/Users/lKomputer/Documents/KELAS_X_RPL/KELAS-X-RPL/KELAS/SEMESTER-2-2026/27-APRIL-2026-(PROFILE)/portfolio/vendor/laravel/framework/src/Illuminate/Foundation/Http/Middleware/TransformsRequest.php(21): Illuminate/Pipeline/Pipeline->Illuminate/Pipeline/{closure}(Object(Illuminate/Http/Request))
#31 C:/Users/lKomputer/Documents/KELAS_X_RPL/KELAS-X-RPL/KELAS/SEMESTER-2-2026/27-APRIL-2026-(PROFILE)/portfolio/vendor/laravel/framework/src/Illuminate/Foundation/Http/Middleware/ConvertEmptyStringsToNull.php(31): Illuminate/Foundation/Http/Middleware/TransformsRequest->handle(Object(Illuminate/Http/Request), Object(Closure))
#32 C:/Users/lKomputer/Documents/KELAS_X_RPL/KELAS-X-RPL/KELAS/SEMESTER-2-2026/27-APRIL-2026-(PROFILE)/portfolio/vendor/laravel/framework/src/Illuminate/Pipeline/Pipeline.php(209): Illuminate/Foundation/Http/Middleware/ConvertEmptyStringsToNull->handle(Object(Illuminate/Http/Request), Object(Closure))
#33 C:/Users/lKomputer/Documents/KELAS_X_RPL/KELAS-X-RPL/KELAS/SEMESTER-2-2026/27-APRIL-2026-(PROFILE)/portfolio/vendor/laravel/framework/src/Illuminate/Foundation/Http/Middleware/TransformsRequest.php(21): Illuminate/Pipeline/Pipeline->Illuminate/Pipeline/{closure}(Object(Illuminate/Http/Request))
#34 C:/Users/lKomputer/Documents/KELAS_X_RPL/KELAS-X-RPL/KELAS/SEMESTER-2-2026/27-APRIL-2026-(PROFILE)/portfolio/vendor/laravel/framework/src/Illuminate/Foundation/Http/Middleware/TrimStrings.php(51): Illuminate/Foundation/Http/Middleware/TransformsRequest->handle(Object(Illuminate/Http/Request), Object(Closure))
#35 C:/Users/lKomputer/Documents/KELAS_X_RPL/KELAS-X-RPL/KELAS/SEMESTER-2-2026/27-APRIL-2026-(PROFILE)/portfolio/vendor/laravel/framework/src/Illuminate/Pipeline/Pipeline.php(209): Illuminate/Foundation/Http/Middleware/TrimStrings->handle(Object(Illuminate/Http/Request), Object(Closure))
#36 C:/Users/lKomputer/Documents/KELAS_X_RPL/KELAS-X-RPL/KELAS/SEMESTER-2-2026/27-APRIL-2026-(PROFILE)/portfolio/vendor/laravel/framework/src/Illuminate/Http/Middleware/ValidatePostSize.php(27): Illuminate/Pipeline/Pipeline->Illuminate/Pipeline/{closure}(Object(Illuminate/Http/Request))
#37 C:/Users/lKomputer/Documents/KELAS_X_RPL/KELAS-X-RPL/KELAS/SEMESTER-2-2026/27-APRIL-2026-(PROFILE)/portfolio/vendor/laravel/framework/src/Illuminate/Pipeline/Pipeline.php(209): Illuminate/Http/Middleware/ValidatePostSize->handle(Object(Illuminate/Http/Request), Object(Closure))
#38 C:/Users/lKomputer/Documents/KELAS_X_RPL/KELAS-X-RPL/KELAS/SEMESTER-2-2026/27-APRIL-2026-(PROFILE)/portfolio/vendor/laravel/framework/src/Illuminate/Foundation/Http/Middleware/PreventRequestsDuringMaintenance.php(110): Illuminate/Pipeline/Pipeline->Illuminate/Pipeline/{closure}(Object(Illuminate/Http/Request))
#39 C:/Users/lKomputer/Documents/KELAS_X_RPL/KELAS-X-RPL/KELAS/SEMESTER-2-2026/27-APRIL-2026-(PROFILE)/portfolio/vendor/laravel/framework/src/Illuminate/Pipeline/Pipeline.php(209): Illuminate/Foundation/Http/Middleware/PreventRequestsDuringMaintenance->handle(Object(Illuminate/Http/Request), Object(Closure))
#40 C:/Users/lKomputer/Documents/KELAS_X_RPL/KELAS-X-RPL/KELAS/SEMESTER-2-2026/27-APRIL-2026-(PROFILE)/portfolio/vendor/laravel/framework/src/Illuminate/Http/Middleware/HandleCors.php(62): Illuminate/Pipeline/Pipeline->Illuminate/Pipeline/{closure}(Object(Illuminate/Http/Request))
#41 C:/Users/lKomputer/Documents/KELAS_X_RPL/KELAS-X-RPL/KELAS/SEMESTER-2-2026/27-APRIL-2026-(PROFILE)/portfolio/vendor/laravel/framework/src/Illuminate/Pipeline/Pipeline.php(209): Illuminate/Http/Middleware/HandleCors->handle(Object(Illuminate/Http/Request), Object(Closure))
#42 C:/Users/lKomputer/Documents/KELAS_X_RPL/KELAS-X-RPL/KELAS/SEMESTER-2-2026/27-APRIL-2026-(PROFILE)/portfolio/vendor/laravel/framework/src/Illuminate/Http/Middleware/TrustProxies.php(58): Illuminate/Pipeline/Pipeline->Illuminate/Pipeline/{closure}(Object(Illuminate/Http/Request))
#43 C:/Users/lKomputer/Documents/KELAS_X_RPL/KELAS-X-RPL/KELAS/SEMESTER-2-2026/27-APRIL-2026-(PROFILE)/portfolio/vendor/laravel/framework/src/Illuminate/Pipeline/Pipeline.php(209): Illuminate/Http/Middleware/TrustProxies->handle(Object(Illuminate/Http/Request), Object(Closure))
#44 C:/Users/lKomputer/Documents/KELAS_X_RPL/KELAS-X-RPL/KELAS/SEMESTER-2-2026/27-APRIL-2026-(PROFILE)/portfolio/vendor/laravel/framework/src/Illuminate/Foundation/Http/Middleware/InvokeDeferredCallbacks.php(22): Illuminate/Pipeline/Pipeline->Illuminate/Pipeline/{closure}(Object(Illuminate/Http/Request))
#45 C:/Users/lKomputer/Documents/KELAS_X_RPL/KELAS-X-RPL/KELAS/SEMESTER-2-2026/27-APRIL-2026-(PROFILE)/portfolio/vendor/laravel/framework/src/Illuminate/Pipeline/Pipeline.php(209): Illuminate/Foundation/Http/Middleware/InvokeDeferredCallbacks->handle(Object(Illuminate/Http/Request), Object(Closure))
#46 C:/Users/lKomputer/Documents/KELAS_X_RPL/KELAS-X-RPL/KELAS/SEMESTER-2-2026/27-APRIL-2026-(PROFILE)/portfolio/vendor/laravel/framework/src/Illuminate/Pipeline/Pipeline.php(127): Illuminate/Pipeline/Pipeline->Illuminate/Pipeline/{closure}(Object(Illuminate/Http/Request))
#47 C:/Users/lKomputer/Documents/KELAS_X_RPL/KELAS-X-RPL/KELAS/SEMESTER-2-2026/27-APRIL-2026-(PROFILE)/portfolio/vendor/laravel/framework/src/Illuminate/Foundation/Http/Kernel.php(176): Illuminate/Pipeline/Pipeline->then(Object(Closure))
#48 C:/Users/lKomputer/Documents/KELAS_X_RPL/KELAS-X-RPL/KELAS/SEMESTER-2-2026/27-APRIL-2026-(PROFILE)/portfolio/vendor/laravel/framework/src/Illuminate/Foundation/Http/Kernel.php(145): Illuminate/Foundation/Http/Kernel->sendRequestThroughRouter(Object(Illuminate/Http/Request))
#49 C:/Users/lKomputer/Documents/KELAS_X_RPL/KELAS-X-RPL/KELAS/SEMESTER-2-2026/27-APRIL-2026-(PROFILE)/portfolio/vendor/laravel/framework/src/Illuminate/Foundation/Application.php(1220): Illuminate/Foundation/Http/Kernel->handle(Object(Illuminate/Http/Request))
#50 C:/Users/lKomputer/Documents/KELAS_X_RPL/KELAS-X-RPL/KELAS/SEMESTER-2-2026/27-APRIL-2026-(PROFILE)/portfolio/public/index.php(17): Illuminate/Foundation/Application->handleRequest(Object(Illuminate/Http/Request))
#51 C:/Users/lKomputer/Documents/KELAS_X_RPL/KELAS-X-RPL/KELAS/SEMESTER-2-2026/27-APRIL-2026-(PROFILE)/portfolio/vendor/laravel/framework/src/Illuminate/Foundation/resources/server.php(23): require_once('C://Users//lKompu...')
#52 {main}
"} 
[2026-05-02 18:13:08] local.ERROR: SQLSTATE[42S02]: Base table or view not found: 1146 Table 'portfolio_bilal.skills' doesn't exist (Connection: mysql, SQL: select * from `skills` order by `sort_order` asc) {"exception":"[object] (Illuminate\\Database\\QueryException(code: 42S02): SQLSTATE[42S02]: Base table or view not found: 1146 Table 'portfolio_bilal.skills' doesn't exist (Connection: mysql, SQL: select * from `skills` order by `sort_order` asc) at C:/Users/lKomputer/Documents/KELAS_X_RPL/KELAS-X-RPL/KELAS/SEMESTER-2-2026/27-APRIL-2026-(PROFILE)/portfolio/vendor/laravel/framework/src/Illuminate/Database/Connection.php:825)
[stacktrace]
#0 C:/Users/lKomputer/Documents/KELAS_X_RPL/KELAS-X-RPL/KELAS/SEMESTER-2-2026/27-APRIL-2026-(PROFILE)/portfolio/vendor/laravel/framework/src/Illuminate/Database/Connection.php(779): Illuminate/Database/Connection->runQueryCallback('select * from `...', Array, Object(Closure))
#1 C:/Users/lKomputer/Documents/KELAS_X_RPL/KELAS-X-RPL/KELAS/SEMESTER-2-2026/27-APRIL-2026-(PROFILE)/portfolio/vendor/laravel/framework/src/Illuminate/Database/Connection.php(398): Illuminate/Database/Connection->run('select * from `...', Array, Object(Closure))
#2 C:/Users/lKomputer/Documents/KELAS_X_RPL/KELAS-X-RPL/KELAS/SEMESTER-2-2026/27-APRIL-2026-(PROFILE)/portfolio/vendor/laravel/framework/src/Illuminate/Database/Query/Builder.php(3106): Illuminate/Database/Connection->select('select * from `...', Array, true)
#3 C:/Users/lKomputer/Documents/KELAS_X_RPL/KELAS-X-RPL/KELAS/SEMESTER-2-2026/27-APRIL-2026-(PROFILE)/portfolio/vendor/laravel/framework/src/Illuminate/Database/Query/Builder.php(3091): Illuminate/Database/Query/Builder->runSelect()
#4 C:/Users/lKomputer/Documents/KELAS_X_RPL/KELAS-X-RPL/KELAS/SEMESTER-2-2026/27-APRIL-2026-(PROFILE)/portfolio/vendor/laravel/framework/src/Illuminate/Database/Query/Builder.php(3676): Illuminate/Database/Query/Builder->Illuminate/Database/Query/{closure}()
#5 C:/Users/lKomputer/Documents/KELAS_X_RPL/KELAS-X-RPL/KELAS/SEMESTER-2-2026/27-APRIL-2026-(PROFILE)/portfolio/vendor/laravel/framework/src/Illuminate/Database/Query/Builder.php(3090): Illuminate/Database/Query/Builder->onceWithColumns(Array, Object(Closure))
#6 C:/Users/lKomputer/Documents/KELAS_X_RPL/KELAS-X-RPL/KELAS/SEMESTER-2-2026/27-APRIL-2026-(PROFILE)/portfolio/vendor/laravel/framework/src/Illuminate/Database/Eloquent/Builder.php(811): Illuminate/Database/Query/Builder->get(Array)
#7 C:/Users/lKomputer/Documents/KELAS_X_RPL/KELAS-X-RPL/KELAS/SEMESTER-2-2026/27-APRIL-2026-(PROFILE)/portfolio/vendor/laravel/framework/src/Illuminate/Database/Eloquent/Builder.php(793): Illuminate/Database/Eloquent/Builder->getModels(Array)
#8 C:/Users/lKomputer/Documents/KELAS_X_RPL/KELAS-X-RPL/KELAS/SEMESTER-2-2026/27-APRIL-2026-(PROFILE)/portfolio/app/Http/Controllers/Api/SkillController.php(23): Illuminate/Database/Eloquent/Builder->get()
#9 C:/Users/lKomputer/Documents/KELAS_X_RPL/KELAS-X-RPL/KELAS/SEMESTER-2-2026/27-APRIL-2026-(PROFILE)/portfolio/vendor/laravel/framework/src/Illuminate/Routing/Controller.php(54): App/Http/Controllers/Api/SkillController->index(Object(Illuminate/Http/Request))
#10 C:/Users/lKomputer/Documents/KELAS_X_RPL/KELAS-X-RPL/KELAS/SEMESTER-2-2026/27-APRIL-2026-(PROFILE)/portfolio/vendor/laravel/framework/src/Illuminate/Routing/ControllerDispatcher.php(44): Illuminate/Routing/Controller->callAction('index', Array)
#11 C:/Users/lKomputer/Documents/KELAS_X_RPL/KELAS-X-RPL/KELAS/SEMESTER-2-2026/27-APRIL-2026-(PROFILE)/portfolio/vendor/laravel/framework/src/Illuminate/Routing/Route.php(266): Illuminate/Routing/ControllerDispatcher->dispatch(Object(Illuminate/Routing/Route), Object(App/Http/Controllers/Api/SkillController), 'index')
#12 C:/Users/lKomputer/Documents/KELAS_X_RPL/KELAS-X-RPL/KELAS/SEMESTER-2-2026/27-APRIL-2026-(PROFILE)/portfolio/vendor/laravel/framework/src/Illuminate/Routing/Route.php(212): Illuminate/Routing/Route->runController()
#13 C:/Users/lKomputer/Documents/KELAS_X_RPL/KELAS-X-RPL/KELAS/SEMESTER-2-2026/27-APRIL-2026-(PROFILE)/portfolio/vendor/laravel/framework/src/Illuminate/Routing/Router.php(808): Illuminate/Routing/Route->run()
#14 C:/Users/lKomputer/Documents/KELAS_X_RPL/KELAS-X-RPL/KELAS/SEMESTER-2-2026/27-APRIL-2026-(PROFILE)/portfolio/vendor/laravel/framework/src/Illuminate/Pipeline/Pipeline.php(170): Illuminate/Routing/Router->Illuminate/Routing/{closure}(Object(Illuminate/Http/Request))
#15 C:/Users/lKomputer/Documents/KELAS_X_RPL/KELAS-X-RPL/KELAS/SEMESTER-2-2026/27-APRIL-2026-(PROFILE)/portfolio/vendor/laravel/framework/src/Illuminate/Routing/Middleware/SubstituteBindings.php(51): Illuminate/Pipeline/Pipeline->Illuminate/Pipeline/{closure}(Object(Illuminate/Http/Request))
#16 C:/Users/lKomputer/Documents/KELAS_X_RPL/KELAS-X-RPL/KELAS/SEMESTER-2-2026/27-APRIL-2026-(PROFILE)/portfolio/vendor/laravel/framework/src/Illuminate/Pipeline/Pipeline.php(209): Illuminate/Routing/Middleware/SubstituteBindings->handle(Object(Illuminate/Http/Request), Object(Closure))
#17 C:/Users/lKomputer/Documents/KELAS_X_RPL/KELAS-X-RPL/KELAS/SEMESTER-2-2026/27-APRIL-2026-(PROFILE)/portfolio/vendor/laravel/framework/src/Illuminate/Pipeline/Pipeline.php(127): Illuminate/Pipeline/Pipeline->Illuminate/Pipeline/{closure}(Object(Illuminate/Http/Request))
#18 C:/Users/lKomputer/Documents/KELAS_X_RPL/KELAS-X-RPL/KELAS/SEMESTER-2-2026/27-APRIL-2026-(PROFILE)/portfolio/vendor/laravel/framework/src/Illuminate/Routing/Router.php(807): Illuminate/Pipeline/Pipeline->then(Object(Closure))
#19 C:/Users/lKomputer/Documents/KELAS_X_RPL/KELAS-X-RPL/KELAS/SEMESTER-2-2026/27-APRIL-2026-(PROFILE)/portfolio/vendor/laravel/framework/src/Illuminate/Routing/Router.php(786): Illuminate/Routing/Router->runRouteWithinStack(Object(Illuminate/Routing/Route), Object(Illuminate/Http/Request))
#20 C:/Users/lKomputer/Documents/KELAS_X_RPL/KELAS-X-RPL/KELAS/SEMESTER-2-2026/27-APRIL-2026-(PROFILE)/portfolio/vendor/laravel/framework/src/Illuminate/Routing/Router.php(750): Illuminate/Routing/Router->runRoute(Object(Illuminate/Http/Request), Object(Illuminate/Routing/Route))
#21 C:/Users/lKomputer/Documents/KELAS_X_RPL/KELAS-X-RPL/KELAS/SEMESTER-2-2026/27-APRIL-2026-(PROFILE)/portfolio/vendor/laravel/framework/src/Illuminate/Routing/Router.php(739): Illuminate/Routing/Router->dispatchToRoute(Object(Illuminate/Http/Request))
#22 C:/Users/lKomputer/Documents/KELAS_X_RPL/KELAS-X-RPL/KELAS/SEMESTER-2-2026/27-APRIL-2026-(PROFILE)/portfolio/vendor/laravel/framework/src/Illuminate/Foundation/Http/Kernel.php(201): Illuminate/Routing/Router->dispatch(Object(Illuminate/Http/Request))
#23 C:/Users/lKomputer/Documents/KELAS_X_RPL/KELAS-X-RPL/KELAS/SEMESTER-2-2026/27-APRIL-2026-(PROFILE)/portfolio/vendor/laravel/framework/src/Illuminate/Pipeline/Pipeline.php(170): Illuminate/Foundation/Http/Kernel->Illuminate/Foundation/Http/{closure}(Object(Illuminate/Http/Request))
#24 C:/Users/lKomputer/Documents/KELAS_X_RPL/KELAS-X-RPL/KELAS/SEMESTER-2-2026/27-APRIL-2026-(PROFILE)/portfolio/vendor/laravel/framework/src/Illuminate/Foundation/Http/Middleware/TransformsRequest.php(21): Illuminate/Pipeline/Pipeline->Illuminate/Pipeline/{closure}(Object(Illuminate/Http/Request))
#25 C:/Users/lKomputer/Documents/KELAS_X_RPL/KELAS-X-RPL/KELAS/SEMESTER-2-2026/27-APRIL-2026-(PROFILE)/portfolio/vendor/laravel/framework/src/Illuminate/Foundation/Http/Middleware/ConvertEmptyStringsToNull.php(31): Illuminate/Foundation/Http/Middleware/TransformsRequest->handle(Object(Illuminate/Http/Request), Object(Closure))
#26 C:/Users/lKomputer/Documents/KELAS_X_RPL/KELAS-X-RPL/KELAS/SEMESTER-2-2026/27-APRIL-2026-(PROFILE)/portfolio/vendor/laravel/framework/src/Illuminate/Pipeline/Pipeline.php(209): Illuminate/Foundation/Http/Middleware/ConvertEmptyStringsToNull->handle(Object(Illuminate/Http/Request), Object(Closure))
#27 C:/Users/lKomputer/Documents/KELAS_X_RPL/KELAS-X-RPL/KELAS/SEMESTER-2-2026/27-APRIL-2026-(PROFILE)/portfolio/vendor/laravel/framework/src/Illuminate/Foundation/Http/Middleware/TransformsRequest.php(21): Illuminate/Pipeline/Pipeline->Illuminate/Pipeline/{closure}(Object(Illuminate/Http/Request))
#28 C:/Users/lKomputer/Documents/KELAS_X_RPL/KELAS-X-RPL/KELAS/SEMESTER-2-2026/27-APRIL-2026-(PROFILE)/portfolio/vendor/laravel/framework/src/Illuminate/Foundation/Http/Middleware/TrimStrings.php(51): Illuminate/Foundation/Http/Middleware/TransformsRequest->handle(Object(Illuminate/Http/Request), Object(Closure))
#29 C:/Users/lKomputer/Documents/KELAS_X_RPL/KELAS-X-RPL/KELAS/SEMESTER-2-2026/27-APRIL-2026-(PROFILE)/portfolio/vendor/laravel/framework/src/Illuminate/Pipeline/Pipeline.php(209): Illuminate/Foundation/Http/Middleware/TrimStrings->handle(Object(Illuminate/Http/Request), Object(Closure))
#30 C:/Users/lKomputer/Documents/KELAS_X_RPL/KELAS-X-RPL/KELAS/SEMESTER-2-2026/27-APRIL-2026-(PROFILE)/portfolio/vendor/laravel/framework/src/Illuminate/Http/Middleware/ValidatePostSize.php(27): Illuminate/Pipeline/Pipeline->Illuminate/Pipeline/{closure}(Object(Illuminate/Http/Request))
#31 C:/Users/lKomputer/Documents/KELAS_X_RPL/KELAS-X-RPL/KELAS/SEMESTER-2-2026/27-APRIL-2026-(PROFILE)/portfolio/vendor/laravel/framework/src/Illuminate/Pipeline/Pipeline.php(209): Illuminate/Http/Middleware/ValidatePostSize->handle(Object(Illuminate/Http/Request), Object(Closure))
#32 C:/Users/lKomputer/Documents/KELAS_X_RPL/KELAS-X-RPL/KELAS/SEMESTER-2-2026/27-APRIL-2026-(PROFILE)/portfolio/vendor/laravel/framework/src/Illuminate/Foundation/Http/Middleware/PreventRequestsDuringMaintenance.php(110): Illuminate/Pipeline/Pipeline->Illuminate/Pipeline/{closure}(Object(Illuminate/Http/Request))
#33 C:/Users/lKomputer/Documents/KELAS_X_RPL/KELAS-X-RPL/KELAS/SEMESTER-2-2026/27-APRIL-2026-(PROFILE)/portfolio/vendor/laravel/framework/src/Illuminate/Pipeline/Pipeline.php(209): Illuminate/Foundation/Http/Middleware/PreventRequestsDuringMaintenance->handle(Object(Illuminate/Http/Request), Object(Closure))
#34 C:/Users/lKomputer/Documents/KELAS_X_RPL/KELAS-X-RPL/KELAS/SEMESTER-2-2026/27-APRIL-2026-(PROFILE)/portfolio/vendor/laravel/framework/src/Illuminate/Http/Middleware/HandleCors.php(62): Illuminate/Pipeline/Pipeline->Illuminate/Pipeline/{closure}(Object(Illuminate/Http/Request))
#35 C:/Users/lKomputer/Documents/KELAS_X_RPL/KELAS-X-RPL/KELAS/SEMESTER-2-2026/27-APRIL-2026-(PROFILE)/portfolio/vendor/laravel/framework/src/Illuminate/Pipeline/Pipeline.php(209): Illuminate/Http/Middleware/HandleCors->handle(Object(Illuminate/Http/Request), Object(Closure))
#36 C:/Users/lKomputer/Documents/KELAS_X_RPL/KELAS-X-RPL/KELAS/SEMESTER-2-2026/27-APRIL-2026-(PROFILE)/portfolio/vendor/laravel/framework/src/Illuminate/Http/Middleware/TrustProxies.php(58): Illuminate/Pipeline/Pipeline->Illuminate/Pipeline/{closure}(Object(Illuminate/Http/Request))
#37 C:/Users/lKomputer/Documents/KELAS_X_RPL/KELAS-X-RPL/KELAS/SEMESTER-2-2026/27-APRIL-2026-(PROFILE)/portfolio/vendor/laravel/framework/src/Illuminate/Pipeline/Pipeline.php(209): Illuminate/Http/Middleware/TrustProxies->handle(Object(Illuminate/Http/Request), Object(Closure))
#38 C:/Users/lKomputer/Documents/KELAS_X_RPL/KELAS-X-RPL/KELAS/SEMESTER-2-2026/27-APRIL-2026-(PROFILE)/portfolio/vendor/laravel/framework/src/Illuminate/Foundation/Http/Middleware/InvokeDeferredCallbacks.php(22): Illuminate/Pipeline/Pipeline->Illuminate/Pipeline/{closure}(Object(Illuminate/Http/Request))
#39 C:/Users/lKomputer/Documents/KELAS_X_RPL/KELAS-X-RPL/KELAS/SEMESTER-2-2026/27-APRIL-2026-(PROFILE)/portfolio/vendor/laravel/framework/src/Illuminate/Pipeline/Pipeline.php(209): Illuminate/Foundation/Http/Middleware/InvokeDeferredCallbacks->handle(Object(Illuminate/Http/Request), Object(Closure))
#40 C:/Users/lKomputer/Documents/KELAS_X_RPL/KELAS-X-RPL/KELAS/SEMESTER-2-2026/27-APRIL-2026-(PROFILE)/portfolio/vendor/laravel/framework/src/Illuminate/Pipeline/Pipeline.php(127): Illuminate/Pipeline/Pipeline->Illuminate/Pipeline/{closure}(Object(Illuminate/Http/Request))
#41 C:/Users/lKomputer/Documents/KELAS_X_RPL/KELAS-X-RPL/KELAS/SEMESTER-2-2026/27-APRIL-2026-(PROFILE)/portfolio/vendor/laravel/framework/src/Illuminate/Foundation/Http/Kernel.php(176): Illuminate/Pipeline/Pipeline->then(Object(Closure))
#42 C:/Users/lKomputer/Documents/KELAS_X_RPL/KELAS-X-RPL/KELAS/SEMESTER-2-2026/27-APRIL-2026-(PROFILE)/portfolio/vendor/laravel/framework/src/Illuminate/Foundation/Http/Kernel.php(145): Illuminate/Foundation/Http/Kernel->sendRequestThroughRouter(Object(Illuminate/Http/Request))
#43 C:/Users/lKomputer/Documents/KELAS_X_RPL/KELAS-X-RPL/KELAS/SEMESTER-2-2026/27-APRIL-2026-(PROFILE)/portfolio/vendor/laravel/framework/src/Illuminate/Foundation/Application.php(1220): Illuminate/Foundation/Http/Kernel->handle(Object(Illuminate/Http/Request))
#44 C:/Users/lKomputer/Documents/KELAS_X_RPL/KELAS-X-RPL/KELAS/SEMESTER-2-2026/27-APRIL-2026-(PROFILE)/portfolio/public/index.php(17): Illuminate/Foundation/Application->handleRequest(Object(Illuminate/Http/Request))
#45 C:/Users/lKomputer/Documents/KELAS_X_RPL/KELAS-X-RPL/KELAS/SEMESTER-2-2026/27-APRIL-2026-(PROFILE)/portfolio/vendor/laravel/framework/src/Illuminate/Foundation/resources/server.php(23): require_once('C://Users//lKompu...')
#46 {main}

[previous exception] [object] (PDOException(code: 42S02): SQLSTATE[42S02]: Base table or view not found: 1146 Table 'portfolio_bilal.skills' doesn't exist at C:/Users/lKomputer/Documents/KELAS_X_RPL/KELAS-X-RPL/KELAS/SEMESTER-2-2026/27-APRIL-2026-(PROFILE)/portfolio/vendor/laravel/framework/src/Illuminate/Database/Connection.php:407)
[stacktrace]
#0 C:/Users/lKomputer/Documents/KELAS_X_RPL/KELAS-X-RPL/KELAS/SEMESTER-2-2026/27-APRIL-2026-(PROFILE)/portfolio/vendor/laravel/framework/src/Illuminate/Database/Connection.php(407): PDO->prepare('select * from `...')
#1 C:/Users/lKomputer/Documents/KELAS_X_RPL/KELAS-X-RPL/KELAS/SEMESTER-2-2026/27-APRIL-2026-(PROFILE)/portfolio/vendor/laravel/framework/src/Illuminate/Database/Connection.php(812): Illuminate/Database/Connection->Illuminate/Database/{closure}('select * from `...', Array)
#2 C:/Users/lKomputer/Documents/KELAS_X_RPL/KELAS-X-RPL/KELAS/SEMESTER-2-2026/27-APRIL-2026-(PROFILE)/portfolio/vendor/laravel/framework/src/Illuminate/Database/Connection.php(779): Illuminate/Database/Connection->runQueryCallback('select * from `...', Array, Object(Closure))
#3 C:/Users/lKomputer/Documents/KELAS_X_RPL/KELAS-X-RPL/KELAS/SEMESTER-2-2026/27-APRIL-2026-(PROFILE)/portfolio/vendor/laravel/framework/src/Illuminate/Database/Connection.php(398): Illuminate/Database/Connection->run('select * from `...', Array, Object(Closure))
#4 C:/Users/lKomputer/Documents/KELAS_X_RPL/KELAS-X-RPL/KELAS/SEMESTER-2-2026/27-APRIL-2026-(PROFILE)/portfolio/vendor/laravel/framework/src/Illuminate/Database/Query/Builder.php(3106): Illuminate/Database/Connection->select('select * from `...', Array, true)
#5 C:/Users/lKomputer/Documents/KELAS_X_RPL/KELAS-X-RPL/KELAS/SEMESTER-2-2026/27-APRIL-2026-(PROFILE)/portfolio/vendor/laravel/framework/src/Illuminate/Database/Query/Builder.php(3091): Illuminate/Database/Query/Builder->runSelect()
#6 C:/Users/lKomputer/Documents/KELAS_X_RPL/KELAS-X-RPL/KELAS/SEMESTER-2-2026/27-APRIL-2026-(PROFILE)/portfolio/vendor/laravel/framework/src/Illuminate/Database/Query/Builder.php(3676): Illuminate/Database/Query/Builder->Illuminate/Database/Query/{closure}()
#7 C:/Users/lKomputer/Documents/KELAS_X_RPL/KELAS-X-RPL/KELAS/SEMESTER-2-2026/27-APRIL-2026-(PROFILE)/portfolio/vendor/laravel/framework/src/Illuminate/Database/Query/Builder.php(3090): Illuminate/Database/Query/Builder->onceWithColumns(Array, Object(Closure))
#8 C:/Users/lKomputer/Documents/KELAS_X_RPL/KELAS-X-RPL/KELAS/SEMESTER-2-2026/27-APRIL-2026-(PROFILE)/portfolio/vendor/laravel/framework/src/Illuminate/Database/Eloquent/Builder.php(811): Illuminate/Database/Query/Builder->get(Array)
#9 C:/Users/lKomputer/Documents/KELAS_X_RPL/KELAS-X-RPL/KELAS/SEMESTER-2-2026/27-APRIL-2026-(PROFILE)/portfolio/vendor/laravel/framework/src/Illuminate/Database/Eloquent/Builder.php(793): Illuminate/Database/Eloquent/Builder->getModels(Array)
#10 C:/Users/lKomputer/Documents/KELAS_X_RPL/KELAS-X-RPL/KELAS/SEMESTER-2-2026/27-APRIL-2026-(PROFILE)/portfolio/app/Http/Controllers/Api/SkillController.php(23): Illuminate/Database/Eloquent/Builder->get()
#11 C:/Users/lKomputer/Documents/KELAS_X_RPL/KELAS-X-RPL/KELAS/SEMESTER-2-2026/27-APRIL-2026-(PROFILE)/portfolio/vendor/laravel/framework/src/Illuminate/Routing/Controller.php(54): App/Http/Controllers/Api/SkillController->index(Object(Illuminate/Http/Request))
#12 C:/Users/lKomputer/Documents/KELAS_X_RPL/KELAS-X-RPL/KELAS/SEMESTER-2-2026/27-APRIL-2026-(PROFILE)/portfolio/vendor/laravel/framework/src/Illuminate/Routing/ControllerDispatcher.php(44): Illuminate/Routing/Controller->callAction('index', Array)
#13 C:/Users/lKomputer/Documents/KELAS_X_RPL/KELAS-X-RPL/KELAS/SEMESTER-2-2026/27-APRIL-2026-(PROFILE)/portfolio/vendor/laravel/framework/src/Illuminate/Routing/Route.php(266): Illuminate/Routing/ControllerDispatcher->dispatch(Object(Illuminate/Routing/Route), Object(App/Http/Controllers/Api/SkillController), 'index')
#14 C:/Users/lKomputer/Documents/KELAS_X_RPL/KELAS-X-RPL/KELAS/SEMESTER-2-2026/27-APRIL-2026-(PROFILE)/portfolio/vendor/laravel/framework/src/Illuminate/Routing/Route.php(212): Illuminate/Routing/Route->runController()
#15 C:/Users/lKomputer/Documents/KELAS_X_RPL/KELAS-X-RPL/KELAS/SEMESTER-2-2026/27-APRIL-2026-(PROFILE)/portfolio/vendor/laravel/framework/src/Illuminate/Routing/Router.php(808): Illuminate/Routing/Route->run()
#16 C:/Users/lKomputer/Documents/KELAS_X_RPL/KELAS-X-RPL/KELAS/SEMESTER-2-2026/27-APRIL-2026-(PROFILE)/portfolio/vendor/laravel/framework/src/Illuminate/Pipeline/Pipeline.php(170): Illuminate/Routing/Router->Illuminate/Routing/{closure}(Object(Illuminate/Http/Request))
#17 C:/Users/lKomputer/Documents/KELAS_X_RPL/KELAS-X-RPL/KELAS/SEMESTER-2-2026/27-APRIL-2026-(PROFILE)/portfolio/vendor/laravel/framework/src/Illuminate/Routing/Middleware/SubstituteBindings.php(51): Illuminate/Pipeline/Pipeline->Illuminate/Pipeline/{closure}(Object(Illuminate/Http/Request))
#18 C:/Users/lKomputer/Documents/KELAS_X_RPL/KELAS-X-RPL/KELAS/SEMESTER-2-2026/27-APRIL-2026-(PROFILE)/portfolio/vendor/laravel/framework/src/Illuminate/Pipeline/Pipeline.php(209): Illuminate/Routing/Middleware/SubstituteBindings->handle(Object(Illuminate/Http/Request), Object(Closure))
#19 C:/Users/lKomputer/Documents/KELAS_X_RPL/KELAS-X-RPL/KELAS/SEMESTER-2-2026/27-APRIL-2026-(PROFILE)/portfolio/vendor/laravel/framework/src/Illuminate/Pipeline/Pipeline.php(127): Illuminate/Pipeline/Pipeline->Illuminate/Pipeline/{closure}(Object(Illuminate/Http/Request))
#20 C:/Users/lKomputer/Documents/KELAS_X_RPL/KELAS-X-RPL/KELAS/SEMESTER-2-2026/27-APRIL-2026-(PROFILE)/portfolio/vendor/laravel/framework/src/Illuminate/Routing/Router.php(807): Illuminate/Pipeline/Pipeline->then(Object(Closure))
#21 C:/Users/lKomputer/Documents/KELAS_X_RPL/KELAS-X-RPL/KELAS/SEMESTER-2-2026/27-APRIL-2026-(PROFILE)/portfolio/vendor/laravel/framework/src/Illuminate/Routing/Router.php(786): Illuminate/Routing/Router->runRouteWithinStack(Object(Illuminate/Routing/Route), Object(Illuminate/Http/Request))
#22 C:/Users/lKomputer/Documents/KELAS_X_RPL/KELAS-X-RPL/KELAS/SEMESTER-2-2026/27-APRIL-2026-(PROFILE)/portfolio/vendor/laravel/framework/src/Illuminate/Routing/Router.php(750): Illuminate/Routing/Router->runRoute(Object(Illuminate/Http/Request), Object(Illuminate/Routing/Route))
#23 C:/Users/lKomputer/Documents/KELAS_X_RPL/KELAS-X-RPL/KELAS/SEMESTER-2-2026/27-APRIL-2026-(PROFILE)/portfolio/vendor/laravel/framework/src/Illuminate/Routing/Router.php(739): Illuminate/Routing/Router->dispatchToRoute(Object(Illuminate/Http/Request))
#24 C:/Users/lKomputer/Documents/KELAS_X_RPL/KELAS-X-RPL/KELAS/SEMESTER-2-2026/27-APRIL-2026-(PROFILE)/portfolio/vendor/laravel/framework/src/Illuminate/Foundation/Http/Kernel.php(201): Illuminate/Routing/Router->dispatch(Object(Illuminate/Http/Request))
#25 C:/Users/lKomputer/Documents/KELAS_X_RPL/KELAS-X-RPL/KELAS/SEMESTER-2-2026/27-APRIL-2026-(PROFILE)/portfolio/vendor/laravel/framework/src/Illuminate/Pipeline/Pipeline.php(170): Illuminate/Foundation/Http/Kernel->Illuminate/Foundation/Http/{closure}(Object(Illuminate/Http/Request))
#26 C:/Users/lKomputer/Documents/KELAS_X_RPL/KELAS-X-RPL/KELAS/SEMESTER-2-2026/27-APRIL-2026-(PROFILE)/portfolio/vendor/laravel/framework/src/Illuminate/Foundation/Http/Middleware/TransformsRequest.php(21): Illuminate/Pipeline/Pipeline->Illuminate/Pipeline/{closure}(Object(Illuminate/Http/Request))
#27 C:/Users/lKomputer/Documents/KELAS_X_RPL/KELAS-X-RPL/KELAS/SEMESTER-2-2026/27-APRIL-2026-(PROFILE)/portfolio/vendor/laravel/framework/src/Illuminate/Foundation/Http/Middleware/ConvertEmptyStringsToNull.php(31): Illuminate/Foundation/Http/Middleware/TransformsRequest->handle(Object(Illuminate/Http/Request), Object(Closure))
#28 C:/Users/lKomputer/Documents/KELAS_X_RPL/KELAS-X-RPL/KELAS/SEMESTER-2-2026/27-APRIL-2026-(PROFILE)/portfolio/vendor/laravel/framework/src/Illuminate/Pipeline/Pipeline.php(209): Illuminate/Foundation/Http/Middleware/ConvertEmptyStringsToNull->handle(Object(Illuminate/Http/Request), Object(Closure))
#29 C:/Users/lKomputer/Documents/KELAS_X_RPL/KELAS-X-RPL/KELAS/SEMESTER-2-2026/27-APRIL-2026-(PROFILE)/portfolio/vendor/laravel/framework/src/Illuminate/Foundation/Http/Middleware/TransformsRequest.php(21): Illuminate/Pipeline/Pipeline->Illuminate/Pipeline/{closure}(Object(Illuminate/Http/Request))
#30 C:/Users/lKomputer/Documents/KELAS_X_RPL/KELAS-X-RPL/KELAS/SEMESTER-2-2026/27-APRIL-2026-(PROFILE)/portfolio/vendor/laravel/framework/src/Illuminate/Foundation/Http/Middleware/TrimStrings.php(51): Illuminate/Foundation/Http/Middleware/TransformsRequest->handle(Object(Illuminate/Http/Request), Object(Closure))
#31 C:/Users/lKomputer/Documents/KELAS_X_RPL/KELAS-X-RPL/KELAS/SEMESTER-2-2026/27-APRIL-2026-(PROFILE)/portfolio/vendor/laravel/framework/src/Illuminate/Pipeline/Pipeline.php(209): Illuminate/Foundation/Http/Middleware/TrimStrings->handle(Object(Illuminate/Http/Request), Object(Closure))
#32 C:/Users/lKomputer/Documents/KELAS_X_RPL/KELAS-X-RPL/KELAS/SEMESTER-2-2026/27-APRIL-2026-(PROFILE)/portfolio/vendor/laravel/framework/src/Illuminate/Http/Middleware/ValidatePostSize.php(27): Illuminate/Pipeline/Pipeline->Illuminate/Pipeline/{closure}(Object(Illuminate/Http/Request))
#33 C:/Users/lKomputer/Documents/KELAS_X_RPL/KELAS-X-RPL/KELAS/SEMESTER-2-2026/27-APRIL-2026-(PROFILE)/portfolio/vendor/laravel/framework/src/Illuminate/Pipeline/Pipeline.php(209): Illuminate/Http/Middleware/ValidatePostSize->handle(Object(Illuminate/Http/Request), Object(Closure))
#34 C:/Users/lKomputer/Documents/KELAS_X_RPL/KELAS-X-RPL/KELAS/SEMESTER-2-2026/27-APRIL-2026-(PROFILE)/portfolio/vendor/laravel/framework/src/Illuminate/Foundation/Http/Middleware/PreventRequestsDuringMaintenance.php(110): Illuminate/Pipeline/Pipeline->Illuminate/Pipeline/{closure}(Object(Illuminate/Http/Request))
#35 C:/Users/lKomputer/Documents/KELAS_X_RPL/KELAS-X-RPL/KELAS/SEMESTER-2-2026/27-APRIL-2026-(PROFILE)/portfolio/vendor/laravel/framework/src/Illuminate/Pipeline/Pipeline.php(209): Illuminate/Foundation/Http/Middleware/PreventRequestsDuringMaintenance->handle(Object(Illuminate/Http/Request), Object(Closure))
#36 C:/Users/lKomputer/Documents/KELAS_X_RPL/KELAS-X-RPL/KELAS/SEMESTER-2-2026/27-APRIL-2026-(PROFILE)/portfolio/vendor/laravel/framework/src/Illuminate/Http/Middleware/HandleCors.php(62): Illuminate/Pipeline/Pipeline->Illuminate/Pipeline/{closure}(Object(Illuminate/Http/Request))
#37 C:/Users/lKomputer/Documents/KELAS_X_RPL/KELAS-X-RPL/KELAS/SEMESTER-2-2026/27-APRIL-2026-(PROFILE)/portfolio/vendor/laravel/framework/src/Illuminate/Pipeline/Pipeline.php(209): Illuminate/Http/Middleware/HandleCors->handle(Object(Illuminate/Http/Request), Object(Closure))
#38 C:/Users/lKomputer/Documents/KELAS_X_RPL/KELAS-X-RPL/KELAS/SEMESTER-2-2026/27-APRIL-2026-(PROFILE)/portfolio/vendor/laravel/framework/src/Illuminate/Http/Middleware/TrustProxies.php(58): Illuminate/Pipeline/Pipeline->Illuminate/Pipeline/{closure}(Object(Illuminate/Http/Request))
#39 C:/Users/lKomputer/Documents/KELAS_X_RPL/KELAS-X-RPL/KELAS/SEMESTER-2-2026/27-APRIL-2026-(PROFILE)/portfolio/vendor/laravel/framework/src/Illuminate/Pipeline/Pipeline.php(209): Illuminate/Http/Middleware/TrustProxies->handle(Object(Illuminate/Http/Request), Object(Closure))
#40 C:/Users/lKomputer/Documents/KELAS_X_RPL/KELAS-X-RPL/KELAS/SEMESTER-2-2026/27-APRIL-2026-(PROFILE)/portfolio/vendor/laravel/framework/src/Illuminate/Foundation/Http/Middleware/InvokeDeferredCallbacks.php(22): Illuminate/Pipeline/Pipeline->Illuminate/Pipeline/{closure}(Object(Illuminate/Http/Request))
#41 C:/Users/lKomputer/Documents/KELAS_X_RPL/KELAS-X-RPL/KELAS/SEMESTER-2-2026/27-APRIL-2026-(PROFILE)/portfolio/vendor/laravel/framework/src/Illuminate/Pipeline/Pipeline.php(209): Illuminate/Foundation/Http/Middleware/InvokeDeferredCallbacks->handle(Object(Illuminate/Http/Request), Object(Closure))
#42 C:/Users/lKomputer/Documents/KELAS_X_RPL/KELAS-X-RPL/KELAS/SEMESTER-2-2026/27-APRIL-2026-(PROFILE)/portfolio/vendor/laravel/framework/src/Illuminate/Pipeline/Pipeline.php(127): Illuminate/Pipeline/Pipeline->Illuminate/Pipeline/{closure}(Object(Illuminate/Http/Request))
#43 C:/Users/lKomputer/Documents/KELAS_X_RPL/KELAS-X-RPL/KELAS/SEMESTER-2-2026/27-APRIL-2026-(PROFILE)/portfolio/vendor/laravel/framework/src/Illuminate/Foundation/Http/Kernel.php(176): Illuminate/Pipeline/Pipeline->then(Object(Closure))
#44 C:/Users/lKomputer/Documents/KELAS_X_RPL/KELAS-X-RPL/KELAS/SEMESTER-2-2026/27-APRIL-2026-(PROFILE)/portfolio/vendor/laravel/framework/src/Illuminate/Foundation/Http/Kernel.php(145): Illuminate/Foundation/Http/Kernel->sendRequestThroughRouter(Object(Illuminate/Http/Request))
#45 C:/Users/lKomputer/Documents/KELAS_X_RPL/KELAS-X-RPL/KELAS/SEMESTER-2-2026/27-APRIL-2026-(PROFILE)/portfolio/vendor/laravel/framework/src/Illuminate/Foundation/Application.php(1220): Illuminate/Foundation/Http/Kernel->handle(Object(Illuminate/Http/Request))
#46 C:/Users/lKomputer/Documents/KELAS_X_RPL/KELAS-X-RPL/KELAS/SEMESTER-2-2026/27-APRIL-2026-(PROFILE)/portfolio/public/index.php(17): Illuminate/Foundation/Application->handleRequest(Object(Illuminate/Http/Request))
#47 C:/Users/lKomputer/Documents/KELAS_X_RPL/KELAS-X-RPL/KELAS/SEMESTER-2-2026/27-APRIL-2026-(PROFILE)/portfolio/vendor/laravel/framework/src/Illuminate/Foundation/resources/server.php(23): require_once('C://Users//lKompu...')
#48 {main}
"} 
[2026-05-02 18:13:08] local.ERROR: SQLSTATE[42S02]: Base table or view not found: 1146 Table 'portfolio_bilal.skills' doesn't exist (Connection: mysql, SQL: select * from `skills` order by `sort_order` asc) {"exception":"[object] (Illuminate\\Database\\QueryException(code: 42S02): SQLSTATE[42S02]: Base table or view not found: 1146 Table 'portfolio_bilal.skills' doesn't exist (Connection: mysql, SQL: select * from `skills` order by `sort_order` asc) at C:/Users/lKomputer/Documents/KELAS_X_RPL/KELAS-X-RPL/KELAS/SEMESTER-2-2026/27-APRIL-2026-(PROFILE)/portfolio/vendor/laravel/framework/src/Illuminate/Database/Connection.php:825)
[stacktrace]
#0 C:/Users/lKomputer/Documents/KELAS_X_RPL/KELAS-X-RPL/KELAS/SEMESTER-2-2026/27-APRIL-2026-(PROFILE)/portfolio/vendor/laravel/framework/src/Illuminate/Database/Connection.php(779): Illuminate/Database/Connection->runQueryCallback('select * from `...', Array, Object(Closure))
#1 C:/Users/lKomputer/Documents/KELAS_X_RPL/KELAS-X-RPL/KELAS/SEMESTER-2-2026/27-APRIL-2026-(PROFILE)/portfolio/vendor/laravel/framework/src/Illuminate/Database/Connection.php(398): Illuminate/Database/Connection->run('select * from `...', Array, Object(Closure))
#2 C:/Users/lKomputer/Documents/KELAS_X_RPL/KELAS-X-RPL/KELAS/SEMESTER-2-2026/27-APRIL-2026-(PROFILE)/portfolio/vendor/laravel/framework/src/Illuminate/Database/Query/Builder.php(3106): Illuminate/Database/Connection->select('select * from `...', Array, true)
#3 C:/Users/lKomputer/Documents/KELAS_X_RPL/KELAS-X-RPL/KELAS/SEMESTER-2-2026/27-APRIL-2026-(PROFILE)/portfolio/vendor/laravel/framework/src/Illuminate/Database/Query/Builder.php(3091): Illuminate/Database/Query/Builder->runSelect()
#4 C:/Users/lKomputer/Documents/KELAS_X_RPL/KELAS-X-RPL/KELAS/SEMESTER-2-2026/27-APRIL-2026-(PROFILE)/portfolio/vendor/laravel/framework/src/Illuminate/Database/Query/Builder.php(3676): Illuminate/Database/Query/Builder->Illuminate/Database/Query/{closure}()
#5 C:/Users/lKomputer/Documents/KELAS_X_RPL/KELAS-X-RPL/KELAS/SEMESTER-2-2026/27-APRIL-2026-(PROFILE)/portfolio/vendor/laravel/framework/src/Illuminate/Database/Query/Builder.php(3090): Illuminate/Database/Query/Builder->onceWithColumns(Array, Object(Closure))
#6 C:/Users/lKomputer/Documents/KELAS_X_RPL/KELAS-X-RPL/KELAS/SEMESTER-2-2026/27-APRIL-2026-(PROFILE)/portfolio/vendor/laravel/framework/src/Illuminate/Database/Eloquent/Builder.php(811): Illuminate/Database/Query/Builder->get(Array)
#7 C:/Users/lKomputer/Documents/KELAS_X_RPL/KELAS-X-RPL/KELAS/SEMESTER-2-2026/27-APRIL-2026-(PROFILE)/portfolio/vendor/laravel/framework/src/Illuminate/Database/Eloquent/Builder.php(793): Illuminate/Database/Eloquent/Builder->getModels(Array)
#8 C:/Users/lKomputer/Documents/KELAS_X_RPL/KELAS-X-RPL/KELAS/SEMESTER-2-2026/27-APRIL-2026-(PROFILE)/portfolio/app/Http/Controllers/Api/SkillController.php(23): Illuminate/Database/Eloquent/Builder->get()
#9 C:/Users/lKomputer/Documents/KELAS_X_RPL/KELAS-X-RPL/KELAS/SEMESTER-2-2026/27-APRIL-2026-(PROFILE)/portfolio/vendor/laravel/framework/src/Illuminate/Routing/Controller.php(54): App/Http/Controllers/Api/SkillController->index(Object(Illuminate/Http/Request))
#10 C:/Users/lKomputer/Documents/KELAS_X_RPL/KELAS-X-RPL/KELAS/SEMESTER-2-2026/27-APRIL-2026-(PROFILE)/portfolio/vendor/laravel/framework/src/Illuminate/Routing/ControllerDispatcher.php(44): Illuminate/Routing/Controller->callAction('index', Array)
#11 C:/Users/lKomputer/Documents/KELAS_X_RPL/KELAS-X-RPL/KELAS/SEMESTER-2-2026/27-APRIL-2026-(PROFILE)/portfolio/vendor/laravel/framework/src/Illuminate/Routing/Route.php(266): Illuminate/Routing/ControllerDispatcher->dispatch(Object(Illuminate/Routing/Route), Object(App/Http/Controllers/Api/SkillController), 'index')
#12 C:/Users/lKomputer/Documents/KELAS_X_RPL/KELAS-X-RPL/KELAS/SEMESTER-2-2026/27-APRIL-2026-(PROFILE)/portfolio/vendor/laravel/framework/src/Illuminate/Routing/Route.php(212): Illuminate/Routing/Route->runController()
#13 C:/Users/lKomputer/Documents/KELAS_X_RPL/KELAS-X-RPL/KELAS/SEMESTER-2-2026/27-APRIL-2026-(PROFILE)/portfolio/vendor/laravel/framework/src/Illuminate/Routing/Router.php(808): Illuminate/Routing/Route->run()
#14 C:/Users/lKomputer/Documents/KELAS_X_RPL/KELAS-X-RPL/KELAS/SEMESTER-2-2026/27-APRIL-2026-(PROFILE)/portfolio/vendor/laravel/framework/src/Illuminate/Pipeline/Pipeline.php(170): Illuminate/Routing/Router->Illuminate/Routing/{closure}(Object(Illuminate/Http/Request))
#15 C:/Users/lKomputer/Documents/KELAS_X_RPL/KELAS-X-RPL/KELAS/SEMESTER-2-2026/27-APRIL-2026-(PROFILE)/portfolio/vendor/laravel/framework/src/Illuminate/Routing/Middleware/SubstituteBindings.php(51): Illuminate/Pipeline/Pipeline->Illuminate/Pipeline/{closure}(Object(Illuminate/Http/Request))
#16 C:/Users/lKomputer/Documents/KELAS_X_RPL/KELAS-X-RPL/KELAS/SEMESTER-2-2026/27-APRIL-2026-(PROFILE)/portfolio/vendor/laravel/framework/src/Illuminate/Pipeline/Pipeline.php(209): Illuminate/Routing/Middleware/SubstituteBindings->handle(Object(Illuminate/Http/Request), Object(Closure))
#17 C:/Users/lKomputer/Documents/KELAS_X_RPL/KELAS-X-RPL/KELAS/SEMESTER-2-2026/27-APRIL-2026-(PROFILE)/portfolio/vendor/laravel/framework/src/Illuminate/Pipeline/Pipeline.php(127): Illuminate/Pipeline/Pipeline->Illuminate/Pipeline/{closure}(Object(Illuminate/Http/Request))
#18 C:/Users/lKomputer/Documents/KELAS_X_RPL/KELAS-X-RPL/KELAS/SEMESTER-2-2026/27-APRIL-2026-(PROFILE)/portfolio/vendor/laravel/framework/src/Illuminate/Routing/Router.php(807): Illuminate/Pipeline/Pipeline->then(Object(Closure))
#19 C:/Users/lKomputer/Documents/KELAS_X_RPL/KELAS-X-RPL/KELAS/SEMESTER-2-2026/27-APRIL-2026-(PROFILE)/portfolio/vendor/laravel/framework/src/Illuminate/Routing/Router.php(786): Illuminate/Routing/Router->runRouteWithinStack(Object(Illuminate/Routing/Route), Object(Illuminate/Http/Request))
#20 C:/Users/lKomputer/Documents/KELAS_X_RPL/KELAS-X-RPL/KELAS/SEMESTER-2-2026/27-APRIL-2026-(PROFILE)/portfolio/vendor/laravel/framework/src/Illuminate/Routing/Router.php(750): Illuminate/Routing/Router->runRoute(Object(Illuminate/Http/Request), Object(Illuminate/Routing/Route))
#21 C:/Users/lKomputer/Documents/KELAS_X_RPL/KELAS-X-RPL/KELAS/SEMESTER-2-2026/27-APRIL-2026-(PROFILE)/portfolio/vendor/laravel/framework/src/Illuminate/Routing/Router.php(739): Illuminate/Routing/Router->dispatchToRoute(Object(Illuminate/Http/Request))
#22 C:/Users/lKomputer/Documents/KELAS_X_RPL/KELAS-X-RPL/KELAS/SEMESTER-2-2026/27-APRIL-2026-(PROFILE)/portfolio/vendor/laravel/framework/src/Illuminate/Foundation/Http/Kernel.php(201): Illuminate/Routing/Router->dispatch(Object(Illuminate/Http/Request))
#23 C:/Users/lKomputer/Documents/KELAS_X_RPL/KELAS-X-RPL/KELAS/SEMESTER-2-2026/27-APRIL-2026-(PROFILE)/portfolio/vendor/laravel/framework/src/Illuminate/Pipeline/Pipeline.php(170): Illuminate/Foundation/Http/Kernel->Illuminate/Foundation/Http/{closure}(Object(Illuminate/Http/Request))
#24 C:/Users/lKomputer/Documents/KELAS_X_RPL/KELAS-X-RPL/KELAS/SEMESTER-2-2026/27-APRIL-2026-(PROFILE)/portfolio/vendor/laravel/framework/src/Illuminate/Foundation/Http/Middleware/TransformsRequest.php(21): Illuminate/Pipeline/Pipeline->Illuminate/Pipeline/{closure}(Object(Illuminate/Http/Request))
#25 C:/Users/lKomputer/Documents/KELAS_X_RPL/KELAS-X-RPL/KELAS/SEMESTER-2-2026/27-APRIL-2026-(PROFILE)/portfolio/vendor/laravel/framework/src/Illuminate/Foundation/Http/Middleware/ConvertEmptyStringsToNull.php(31): Illuminate/Foundation/Http/Middleware/TransformsRequest->handle(Object(Illuminate/Http/Request), Object(Closure))
#26 C:/Users/lKomputer/Documents/KELAS_X_RPL/KELAS-X-RPL/KELAS/SEMESTER-2-2026/27-APRIL-2026-(PROFILE)/portfolio/vendor/laravel/framework/src/Illuminate/Pipeline/Pipeline.php(209): Illuminate/Foundation/Http/Middleware/ConvertEmptyStringsToNull->handle(Object(Illuminate/Http/Request), Object(Closure))
#27 C:/Users/lKomputer/Documents/KELAS_X_RPL/KELAS-X-RPL/KELAS/SEMESTER-2-2026/27-APRIL-2026-(PROFILE)/portfolio/vendor/laravel/framework/src/Illuminate/Foundation/Http/Middleware/TransformsRequest.php(21): Illuminate/Pipeline/Pipeline->Illuminate/Pipeline/{closure}(Object(Illuminate/Http/Request))
#28 C:/Users/lKomputer/Documents/KELAS_X_RPL/KELAS-X-RPL/KELAS/SEMESTER-2-2026/27-APRIL-2026-(PROFILE)/portfolio/vendor/laravel/framework/src/Illuminate/Foundation/Http/Middleware/TrimStrings.php(51): Illuminate/Foundation/Http/Middleware/TransformsRequest->handle(Object(Illuminate/Http/Request), Object(Closure))
#29 C:/Users/lKomputer/Documents/KELAS_X_RPL/KELAS-X-RPL/KELAS/SEMESTER-2-2026/27-APRIL-2026-(PROFILE)/portfolio/vendor/laravel/framework/src/Illuminate/Pipeline/Pipeline.php(209): Illuminate/Foundation/Http/Middleware/TrimStrings->handle(Object(Illuminate/Http/Request), Object(Closure))
#30 C:/Users/lKomputer/Documents/KELAS_X_RPL/KELAS-X-RPL/KELAS/SEMESTER-2-2026/27-APRIL-2026-(PROFILE)/portfolio/vendor/laravel/framework/src/Illuminate/Http/Middleware/ValidatePostSize.php(27): Illuminate/Pipeline/Pipeline->Illuminate/Pipeline/{closure}(Object(Illuminate/Http/Request))
#31 C:/Users/lKomputer/Documents/KELAS_X_RPL/KELAS-X-RPL/KELAS/SEMESTER-2-2026/27-APRIL-2026-(PROFILE)/portfolio/vendor/laravel/framework/src/Illuminate/Pipeline/Pipeline.php(209): Illuminate/Http/Middleware/ValidatePostSize->handle(Object(Illuminate/Http/Request), Object(Closure))
#32 C:/Users/lKomputer/Documents/KELAS_X_RPL/KELAS-X-RPL/KELAS/SEMESTER-2-2026/27-APRIL-2026-(PROFILE)/portfolio/vendor/laravel/framework/src/Illuminate/Foundation/Http/Middleware/PreventRequestsDuringMaintenance.php(110): Illuminate/Pipeline/Pipeline->Illuminate/Pipeline/{closure}(Object(Illuminate/Http/Request))
#33 C:/Users/lKomputer/Documents/KELAS_X_RPL/KELAS-X-RPL/KELAS/SEMESTER-2-2026/27-APRIL-2026-(PROFILE)/portfolio/vendor/laravel/framework/src/Illuminate/Pipeline/Pipeline.php(209): Illuminate/Foundation/Http/Middleware/PreventRequestsDuringMaintenance->handle(Object(Illuminate/Http/Request), Object(Closure))
#34 C:/Users/lKomputer/Documents/KELAS_X_RPL/KELAS-X-RPL/KELAS/SEMESTER-2-2026/27-APRIL-2026-(PROFILE)/portfolio/vendor/laravel/framework/src/Illuminate/Http/Middleware/HandleCors.php(62): Illuminate/Pipeline/Pipeline->Illuminate/Pipeline/{closure}(Object(Illuminate/Http/Request))
#35 C:/Users/lKomputer/Documents/KELAS_X_RPL/KELAS-X-RPL/KELAS/SEMESTER-2-2026/27-APRIL-2026-(PROFILE)/portfolio/vendor/laravel/framework/src/Illuminate/Pipeline/Pipeline.php(209): Illuminate/Http/Middleware/HandleCors->handle(Object(Illuminate/Http/Request), Object(Closure))
#36 C:/Users/lKomputer/Documents/KELAS_X_RPL/KELAS-X-RPL/KELAS/SEMESTER-2-2026/27-APRIL-2026-(PROFILE)/portfolio/vendor/laravel/framework/src/Illuminate/Http/Middleware/TrustProxies.php(58): Illuminate/Pipeline/Pipeline->Illuminate/Pipeline/{closure}(Object(Illuminate/Http/Request))
#37 C:/Users/lKomputer/Documents/KELAS_X_RPL/KELAS-X-RPL/KELAS/SEMESTER-2-2026/27-APRIL-2026-(PROFILE)/portfolio/vendor/laravel/framework/src/Illuminate/Pipeline/Pipeline.php(209): Illuminate/Http/Middleware/TrustProxies->handle(Object(Illuminate/Http/Request), Object(Closure))
#38 C:/Users/lKomputer/Documents/KELAS_X_RPL/KELAS-X-RPL/KELAS/SEMESTER-2-2026/27-APRIL-2026-(PROFILE)/portfolio/vendor/laravel/framework/src/Illuminate/Foundation/Http/Middleware/InvokeDeferredCallbacks.php(22): Illuminate/Pipeline/Pipeline->Illuminate/Pipeline/{closure}(Object(Illuminate/Http/Request))
#39 C:/Users/lKomputer/Documents/KELAS_X_RPL/KELAS-X-RPL/KELAS/SEMESTER-2-2026/27-APRIL-2026-(PROFILE)/portfolio/vendor/laravel/framework/src/Illuminate/Pipeline/Pipeline.php(209): Illuminate/Foundation/Http/Middleware/InvokeDeferredCallbacks->handle(Object(Illuminate/Http/Request), Object(Closure))
#40 C:/Users/lKomputer/Documents/KELAS_X_RPL/KELAS-X-RPL/KELAS/SEMESTER-2-2026/27-APRIL-2026-(PROFILE)/portfolio/vendor/laravel/framework/src/Illuminate/Pipeline/Pipeline.php(127): Illuminate/Pipeline/Pipeline->Illuminate/Pipeline/{closure}(Object(Illuminate/Http/Request))
#41 C:/Users/lKomputer/Documents/KELAS_X_RPL/KELAS-X-RPL/KELAS/SEMESTER-2-2026/27-APRIL-2026-(PROFILE)/portfolio/vendor/laravel/framework/src/Illuminate/Foundation/Http/Kernel.php(176): Illuminate/Pipeline/Pipeline->then(Object(Closure))
#42 C:/Users/lKomputer/Documents/KELAS_X_RPL/KELAS-X-RPL/KELAS/SEMESTER-2-2026/27-APRIL-2026-(PROFILE)/portfolio/vendor/laravel/framework/src/Illuminate/Foundation/Http/Kernel.php(145): Illuminate/Foundation/Http/Kernel->sendRequestThroughRouter(Object(Illuminate/Http/Request))
#43 C:/Users/lKomputer/Documents/KELAS_X_RPL/KELAS-X-RPL/KELAS/SEMESTER-2-2026/27-APRIL-2026-(PROFILE)/portfolio/vendor/laravel/framework/src/Illuminate/Foundation/Application.php(1220): Illuminate/Foundation/Http/Kernel->handle(Object(Illuminate/Http/Request))
#44 C:/Users/lKomputer/Documents/KELAS_X_RPL/KELAS-X-RPL/KELAS/SEMESTER-2-2026/27-APRIL-2026-(PROFILE)/portfolio/public/index.php(17): Illuminate/Foundation/Application->handleRequest(Object(Illuminate/Http/Request))
#45 C:/Users/lKomputer/Documents/KELAS_X_RPL/KELAS-X-RPL/KELAS/SEMESTER-2-2026/27-APRIL-2026-(PROFILE)/portfolio/vendor/laravel/framework/src/Illuminate/Foundation/resources/server.php(23): require_once('C://Users//lKompu...')
#46 {main}

[previous exception] [object] (PDOException(code: 42S02): SQLSTATE[42S02]: Base table or view not found: 1146 Table 'portfolio_bilal.skills' doesn't exist at C:/Users/lKomputer/Documents/KELAS_X_RPL/KELAS-X-RPL/KELAS/SEMESTER-2-2026/27-APRIL-2026-(PROFILE)/portfolio/vendor/laravel/framework/src/Illuminate/Database/Connection.php:407)
[stacktrace]
#0 C:/Users/lKomputer/Documents/KELAS_X_RPL/KELAS-X-RPL/KELAS/SEMESTER-2-2026/27-APRIL-2026-(PROFILE)/portfolio/vendor/laravel/framework/src/Illuminate/Database/Connection.php(407): PDO->prepare('select * from `...')
#1 C:/Users/lKomputer/Documents/KELAS_X_RPL/KELAS-X-RPL/KELAS/SEMESTER-2-2026/27-APRIL-2026-(PROFILE)/portfolio/vendor/laravel/framework/src/Illuminate/Database/Connection.php(812): Illuminate/Database/Connection->Illuminate/Database/{closure}('select * from `...', Array)
#2 C:/Users/lKomputer/Documents/KELAS_X_RPL/KELAS-X-RPL/KELAS/SEMESTER-2-2026/27-APRIL-2026-(PROFILE)/portfolio/vendor/laravel/framework/src/Illuminate/Database/Connection.php(779): Illuminate/Database/Connection->runQueryCallback('select * from `...', Array, Object(Closure))
#3 C:/Users/lKomputer/Documents/KELAS_X_RPL/KELAS-X-RPL/KELAS/SEMESTER-2-2026/27-APRIL-2026-(PROFILE)/portfolio/vendor/laravel/framework/src/Illuminate/Database/Connection.php(398): Illuminate/Database/Connection->run('select * from `...', Array, Object(Closure))
#4 C:/Users/lKomputer/Documents/KELAS_X_RPL/KELAS-X-RPL/KELAS/SEMESTER-2-2026/27-APRIL-2026-(PROFILE)/portfolio/vendor/laravel/framework/src/Illuminate/Database/Query/Builder.php(3106): Illuminate/Database/Connection->select('select * from `...', Array, true)
#5 C:/Users/lKomputer/Documents/KELAS_X_RPL/KELAS-X-RPL/KELAS/SEMESTER-2-2026/27-APRIL-2026-(PROFILE)/portfolio/vendor/laravel/framework/src/Illuminate/Database/Query/Builder.php(3091): Illuminate/Database/Query/Builder->runSelect()
#6 C:/Users/lKomputer/Documents/KELAS_X_RPL/KELAS-X-RPL/KELAS/SEMESTER-2-2026/27-APRIL-2026-(PROFILE)/portfolio/vendor/laravel/framework/src/Illuminate/Database/Query/Builder.php(3676): Illuminate/Database/Query/Builder->Illuminate/Database/Query/{closure}()
#7 C:/Users/lKomputer/Documents/KELAS_X_RPL/KELAS-X-RPL/KELAS/SEMESTER-2-2026/27-APRIL-2026-(PROFILE)/portfolio/vendor/laravel/framework/src/Illuminate/Database/Query/Builder.php(3090): Illuminate/Database/Query/Builder->onceWithColumns(Array, Object(Closure))
#8 C:/Users/lKomputer/Documents/KELAS_X_RPL/KELAS-X-RPL/KELAS/SEMESTER-2-2026/27-APRIL-2026-(PROFILE)/portfolio/vendor/laravel/framework/src/Illuminate/Database/Eloquent/Builder.php(811): Illuminate/Database/Query/Builder->get(Array)
#9 C:/Users/lKomputer/Documents/KELAS_X_RPL/KELAS-X-RPL/KELAS/SEMESTER-2-2026/27-APRIL-2026-(PROFILE)/portfolio/vendor/laravel/framework/src/Illuminate/Database/Eloquent/Builder.php(793): Illuminate/Database/Eloquent/Builder->getModels(Array)
#10 C:/Users/lKomputer/Documents/KELAS_X_RPL/KELAS-X-RPL/KELAS/SEMESTER-2-2026/27-APRIL-2026-(PROFILE)/portfolio/app/Http/Controllers/Api/SkillController.php(23): Illuminate/Database/Eloquent/Builder->get()
#11 C:/Users/lKomputer/Documents/KELAS_X_RPL/KELAS-X-RPL/KELAS/SEMESTER-2-2026/27-APRIL-2026-(PROFILE)/portfolio/vendor/laravel/framework/src/Illuminate/Routing/Controller.php(54): App/Http/Controllers/Api/SkillController->index(Object(Illuminate/Http/Request))
#12 C:/Users/lKomputer/Documents/KELAS_X_RPL/KELAS-X-RPL/KELAS/SEMESTER-2-2026/27-APRIL-2026-(PROFILE)/portfolio/vendor/laravel/framework/src/Illuminate/Routing/ControllerDispatcher.php(44): Illuminate/Routing/Controller->callAction('index', Array)
#13 C:/Users/lKomputer/Documents/KELAS_X_RPL/KELAS-X-RPL/KELAS/SEMESTER-2-2026/27-APRIL-2026-(PROFILE)/portfolio/vendor/laravel/framework/src/Illuminate/Routing/Route.php(266): Illuminate/Routing/ControllerDispatcher->dispatch(Object(Illuminate/Routing/Route), Object(App/Http/Controllers/Api/SkillController), 'index')
#14 C:/Users/lKomputer/Documents/KELAS_X_RPL/KELAS-X-RPL/KELAS/SEMESTER-2-2026/27-APRIL-2026-(PROFILE)/portfolio/vendor/laravel/framework/src/Illuminate/Routing/Route.php(212): Illuminate/Routing/Route->runController()
#15 C:/Users/lKomputer/Documents/KELAS_X_RPL/KELAS-X-RPL/KELAS/SEMESTER-2-2026/27-APRIL-2026-(PROFILE)/portfolio/vendor/laravel/framework/src/Illuminate/Routing/Router.php(808): Illuminate/Routing/Route->run()
#16 C:/Users/lKomputer/Documents/KELAS_X_RPL/KELAS-X-RPL/KELAS/SEMESTER-2-2026/27-APRIL-2026-(PROFILE)/portfolio/vendor/laravel/framework/src/Illuminate/Pipeline/Pipeline.php(170): Illuminate/Routing/Router->Illuminate/Routing/{closure}(Object(Illuminate/Http/Request))
#17 C:/Users/lKomputer/Documents/KELAS_X_RPL/KELAS-X-RPL/KELAS/SEMESTER-2-2026/27-APRIL-2026-(PROFILE)/portfolio/vendor/laravel/framework/src/Illuminate/Routing/Middleware/SubstituteBindings.php(51): Illuminate/Pipeline/Pipeline->Illuminate/Pipeline/{closure}(Object(Illuminate/Http/Request))
#18 C:/Users/lKomputer/Documents/KELAS_X_RPL/KELAS-X-RPL/KELAS/SEMESTER-2-2026/27-APRIL-2026-(PROFILE)/portfolio/vendor/laravel/framework/src/Illuminate/Pipeline/Pipeline.php(209): Illuminate/Routing/Middleware/SubstituteBindings->handle(Object(Illuminate/Http/Request), Object(Closure))
#19 C:/Users/lKomputer/Documents/KELAS_X_RPL/KELAS-X-RPL/KELAS/SEMESTER-2-2026/27-APRIL-2026-(PROFILE)/portfolio/vendor/laravel/framework/src/Illuminate/Pipeline/Pipeline.php(127): Illuminate/Pipeline/Pipeline->Illuminate/Pipeline/{closure}(Object(Illuminate/Http/Request))
#20 C:/Users/lKomputer/Documents/KELAS_X_RPL/KELAS-X-RPL/KELAS/SEMESTER-2-2026/27-APRIL-2026-(PROFILE)/portfolio/vendor/laravel/framework/src/Illuminate/Routing/Router.php(807): Illuminate/Pipeline/Pipeline->then(Object(Closure))
#21 C:/Users/lKomputer/Documents/KELAS_X_RPL/KELAS-X-RPL/KELAS/SEMESTER-2-2026/27-APRIL-2026-(PROFILE)/portfolio/vendor/laravel/framework/src/Illuminate/Routing/Router.php(786): Illuminate/Routing/Router->runRouteWithinStack(Object(Illuminate/Routing/Route), Object(Illuminate/Http/Request))
#22 C:/Users/lKomputer/Documents/KELAS_X_RPL/KELAS-X-RPL/KELAS/SEMESTER-2-2026/27-APRIL-2026-(PROFILE)/portfolio/vendor/laravel/framework/src/Illuminate/Routing/Router.php(750): Illuminate/Routing/Router->runRoute(Object(Illuminate/Http/Request), Object(Illuminate/Routing/Route))
#23 C:/Users/lKomputer/Documents/KELAS_X_RPL/KELAS-X-RPL/KELAS/SEMESTER-2-2026/27-APRIL-2026-(PROFILE)/portfolio/vendor/laravel/framework/src/Illuminate/Routing/Router.php(739): Illuminate/Routing/Router->dispatchToRoute(Object(Illuminate/Http/Request))
#24 C:/Users/lKomputer/Documents/KELAS_X_RPL/KELAS-X-RPL/KELAS/SEMESTER-2-2026/27-APRIL-2026-(PROFILE)/portfolio/vendor/laravel/framework/src/Illuminate/Foundation/Http/Kernel.php(201): Illuminate/Routing/Router->dispatch(Object(Illuminate/Http/Request))
#25 C:/Users/lKomputer/Documents/KELAS_X_RPL/KELAS-X-RPL/KELAS/SEMESTER-2-2026/27-APRIL-2026-(PROFILE)/portfolio/vendor/laravel/framework/src/Illuminate/Pipeline/Pipeline.php(170): Illuminate/Foundation/Http/Kernel->Illuminate/Foundation/Http/{closure}(Object(Illuminate/Http/Request))
#26 C:/Users/lKomputer/Documents/KELAS_X_RPL/KELAS-X-RPL/KELAS/SEMESTER-2-2026/27-APRIL-2026-(PROFILE)/portfolio/vendor/laravel/framework/src/Illuminate/Foundation/Http/Middleware/TransformsRequest.php(21): Illuminate/Pipeline/Pipeline->Illuminate/Pipeline/{closure}(Object(Illuminate/Http/Request))
#27 C:/Users/lKomputer/Documents/KELAS_X_RPL/KELAS-X-RPL/KELAS/SEMESTER-2-2026/27-APRIL-2026-(PROFILE)/portfolio/vendor/laravel/framework/src/Illuminate/Foundation/Http/Middleware/ConvertEmptyStringsToNull.php(31): Illuminate/Foundation/Http/Middleware/TransformsRequest->handle(Object(Illuminate/Http/Request), Object(Closure))
#28 C:/Users/lKomputer/Documents/KELAS_X_RPL/KELAS-X-RPL/KELAS/SEMESTER-2-2026/27-APRIL-2026-(PROFILE)/portfolio/vendor/laravel/framework/src/Illuminate/Pipeline/Pipeline.php(209): Illuminate/Foundation/Http/Middleware/ConvertEmptyStringsToNull->handle(Object(Illuminate/Http/Request), Object(Closure))
#29 C:/Users/lKomputer/Documents/KELAS_X_RPL/KELAS-X-RPL/KELAS/SEMESTER-2-2026/27-APRIL-2026-(PROFILE)/portfolio/vendor/laravel/framework/src/Illuminate/Foundation/Http/Middleware/TransformsRequest.php(21): Illuminate/Pipeline/Pipeline->Illuminate/Pipeline/{closure}(Object(Illuminate/Http/Request))
#30 C:/Users/lKomputer/Documents/KELAS_X_RPL/KELAS-X-RPL/KELAS/SEMESTER-2-2026/27-APRIL-2026-(PROFILE)/portfolio/vendor/laravel/framework/src/Illuminate/Foundation/Http/Middleware/TrimStrings.php(51): Illuminate/Foundation/Http/Middleware/TransformsRequest->handle(Object(Illuminate/Http/Request), Object(Closure))
#31 C:/Users/lKomputer/Documents/KELAS_X_RPL/KELAS-X-RPL/KELAS/SEMESTER-2-2026/27-APRIL-2026-(PROFILE)/portfolio/vendor/laravel/framework/src/Illuminate/Pipeline/Pipeline.php(209): Illuminate/Foundation/Http/Middleware/TrimStrings->handle(Object(Illuminate/Http/Request), Object(Closure))
#32 C:/Users/lKomputer/Documents/KELAS_X_RPL/KELAS-X-RPL/KELAS/SEMESTER-2-2026/27-APRIL-2026-(PROFILE)/portfolio/vendor/laravel/framework/src/Illuminate/Http/Middleware/ValidatePostSize.php(27): Illuminate/Pipeline/Pipeline->Illuminate/Pipeline/{closure}(Object(Illuminate/Http/Request))
#33 C:/Users/lKomputer/Documents/KELAS_X_RPL/KELAS-X-RPL/KELAS/SEMESTER-2-2026/27-APRIL-2026-(PROFILE)/portfolio/vendor/laravel/framework/src/Illuminate/Pipeline/Pipeline.php(209): Illuminate/Http/Middleware/ValidatePostSize->handle(Object(Illuminate/Http/Request), Object(Closure))
#34 C:/Users/lKomputer/Documents/KELAS_X_RPL/KELAS-X-RPL/KELAS/SEMESTER-2-2026/27-APRIL-2026-(PROFILE)/portfolio/vendor/laravel/framework/src/Illuminate/Foundation/Http/Middleware/PreventRequestsDuringMaintenance.php(110): Illuminate/Pipeline/Pipeline->Illuminate/Pipeline/{closure}(Object(Illuminate/Http/Request))
#35 C:/Users/lKomputer/Documents/KELAS_X_RPL/KELAS-X-RPL/KELAS/SEMESTER-2-2026/27-APRIL-2026-(PROFILE)/portfolio/vendor/laravel/framework/src/Illuminate/Pipeline/Pipeline.php(209): Illuminate/Foundation/Http/Middleware/PreventRequestsDuringMaintenance->handle(Object(Illuminate/Http/Request), Object(Closure))
#36 C:/Users/lKomputer/Documents/KELAS_X_RPL/KELAS-X-RPL/KELAS/SEMESTER-2-2026/27-APRIL-2026-(PROFILE)/portfolio/vendor/laravel/framework/src/Illuminate/Http/Middleware/HandleCors.php(62): Illuminate/Pipeline/Pipeline->Illuminate/Pipeline/{closure}(Object(Illuminate/Http/Request))
#37 C:/Users/lKomputer/Documents/KELAS_X_RPL/KELAS-X-RPL/KELAS/SEMESTER-2-2026/27-APRIL-2026-(PROFILE)/portfolio/vendor/laravel/framework/src/Illuminate/Pipeline/Pipeline.php(209): Illuminate/Http/Middleware/HandleCors->handle(Object(Illuminate/Http/Request), Object(Closure))
#38 C:/Users/lKomputer/Documents/KELAS_X_RPL/KELAS-X-RPL/KELAS/SEMESTER-2-2026/27-APRIL-2026-(PROFILE)/portfolio/vendor/laravel/framework/src/Illuminate/Http/Middleware/TrustProxies.php(58): Illuminate/Pipeline/Pipeline->Illuminate/Pipeline/{closure}(Object(Illuminate/Http/Request))
#39 C:/Users/lKomputer/Documents/KELAS_X_RPL/KELAS-X-RPL/KELAS/SEMESTER-2-2026/27-APRIL-2026-(PROFILE)/portfolio/vendor/laravel/framework/src/Illuminate/Pipeline/Pipeline.php(209): Illuminate/Http/Middleware/TrustProxies->handle(Object(Illuminate/Http/Request), Object(Closure))
#40 C:/Users/lKomputer/Documents/KELAS_X_RPL/KELAS-X-RPL/KELAS/SEMESTER-2-2026/27-APRIL-2026-(PROFILE)/portfolio/vendor/laravel/framework/src/Illuminate/Foundation/Http/Middleware/InvokeDeferredCallbacks.php(22): Illuminate/Pipeline/Pipeline->Illuminate/Pipeline/{closure}(Object(Illuminate/Http/Request))
#41 C:/Users/lKomputer/Documents/KELAS_X_RPL/KELAS-X-RPL/KELAS/SEMESTER-2-2026/27-APRIL-2026-(PROFILE)/portfolio/vendor/laravel/framework/src/Illuminate/Pipeline/Pipeline.php(209): Illuminate/Foundation/Http/Middleware/InvokeDeferredCallbacks->handle(Object(Illuminate/Http/Request), Object(Closure))
#42 C:/Users/lKomputer/Documents/KELAS_X_RPL/KELAS-X-RPL/KELAS/SEMESTER-2-2026/27-APRIL-2026-(PROFILE)/portfolio/vendor/laravel/framework/src/Illuminate/Pipeline/Pipeline.php(127): Illuminate/Pipeline/Pipeline->Illuminate/Pipeline/{closure}(Object(Illuminate/Http/Request))
#43 C:/Users/lKomputer/Documents/KELAS_X_RPL/KELAS-X-RPL/KELAS/SEMESTER-2-2026/27-APRIL-2026-(PROFILE)/portfolio/vendor/laravel/framework/src/Illuminate/Foundation/Http/Kernel.php(176): Illuminate/Pipeline/Pipeline->then(Object(Closure))
#44 C:/Users/lKomputer/Documents/KELAS_X_RPL/KELAS-X-RPL/KELAS/SEMESTER-2-2026/27-APRIL-2026-(PROFILE)/portfolio/vendor/laravel/framework/src/Illuminate/Foundation/Http/Kernel.php(145): Illuminate/Foundation/Http/Kernel->sendRequestThroughRouter(Object(Illuminate/Http/Request))
#45 C:/Users/lKomputer/Documents/KELAS_X_RPL/KELAS-X-RPL/KELAS/SEMESTER-2-2026/27-APRIL-2026-(PROFILE)/portfolio/vendor/laravel/framework/src/Illuminate/Foundation/Application.php(1220): Illuminate/Foundation/Http/Kernel->handle(Object(Illuminate/Http/Request))
#46 C:/Users/lKomputer/Documents/KELAS_X_RPL/KELAS-X-RPL/KELAS/SEMESTER-2-2026/27-APRIL-2026-(PROFILE)/portfolio/public/index.php(17): Illuminate/Foundation/Application->handleRequest(Object(Illuminate/Http/Request))
#47 C:/Users/lKomputer/Documents/KELAS_X_RPL/KELAS-X-RPL/KELAS/SEMESTER-2-2026/27-APRIL-2026-(PROFILE)/portfolio/vendor/laravel/framework/src/Illuminate/Foundation/resources/server.php(23): require_once('C://Users//lKompu...')
#48 {main}
"} 
